insert into users (id, email, password, fourteen_agreement, gender, ad_agreement, personal_authentication, phone_number,
                   profile_name, name, rank, profile_img_name, profile_img_url, profile_img_origin_name, created_at,
                   modified_at)
values (1, 'wbrighouse0@etsy.com', '60470c3a8b39e0b4405a9d97b722f32bf6d2c3dae2c82205dc457a33b88a016c', true, 'Male',
        true, true, '257-345-3411', 'wbrighouse0', 'Winne Brighouse', 'GOLD', 'profile_img_namewbrighouse0',
        'http://dummyimage.com/243x100.png/5fa2dd/ffffff', 'profile_img_origin_namewbrighouse0', '2023-02-08 00:56:02',
        '2023-03-20 00:16:13');
insert into users (id, email, password, fourteen_agreement, gender, ad_agreement, personal_authentication, phone_number,
                   profile_name, name, rank, profile_img_name, profile_img_url, profile_img_origin_name, created_at,
                   modified_at)
values (2, 'snoulton1@ted.com', 'd725e032db3e912ce0955a2c451445c22b35921597c82d94cbf0be983a57c5b1', true, 'Female',
        true, true, '544-280-0110', 'snoulton1', 'Sarette Noulton', 'SILVER', 'profile_img_namesnoulton1',
        'http://dummyimage.com/112x100.png/cc0000/ffffff', 'profile_img_origin_namesnoulton1', '2022-11-02 07:12:54',
        '2022-05-25 23:10:44');
insert into users (id, email, password, fourteen_agreement, gender, ad_agreement, personal_authentication, phone_number,
                   profile_name, name, rank, profile_img_name, profile_img_url, profile_img_origin_name, created_at,
                   modified_at)
values (3, 'skarpfen2@google.co.jp', '5cbb9bff2882b0246427aa60812332f1fe68e84a1bb3cec4354867c50d134221', true, 'Male',
        true, true, '794-382-1142', 'skarpfen2', 'Steffen Karpfen', 'SILVER', 'profile_img_nameskarpfen2',
        'http://dummyimage.com/236x100.png/ff4444/ffffff', 'profile_img_origin_nameskarpfen2', '2023-03-02 02:57:01',
        '2022-05-26 05:29:08');
insert into users (id, email, password, fourteen_agreement, gender, ad_agreement, personal_authentication, phone_number,
                   profile_name, name, rank, profile_img_name, profile_img_url, profile_img_origin_name, created_at,
                   modified_at)
values (4, 'troly3@free.fr', '4ec3c050bed7e2930e1d3a2839f505cc9db91d3e0cd8e7222a3764d2f672d5a7', true, 'Male', true,
        true, '601-833-2470', 'troly3', 'Timofei Roly', 'BRONZE', 'profile_img_nametroly3',
        'http://dummyimage.com/243x100.png/ff4444/ffffff', 'profile_img_origin_nametroly3', '2022-09-24 09:33:51',
        '2023-01-08 13:02:21');
insert into users (id, email, password, fourteen_agreement, gender, ad_agreement, personal_authentication, phone_number,
                   profile_name, name, rank, profile_img_name, profile_img_url, profile_img_origin_name, created_at,
                   modified_at)
values (5, 'dvallantine4@geocities.jp', 'ce2760db84481f03685da38bbd9ea796ed8b6fe5733e9523bef00b324420d1bd', true,
        'Female', true, true, '899-487-9953', 'dvallantine4', 'Deloria Vallantine', 'BRONZE',
        'profile_img_namedvallantine4', 'http://dummyimage.com/237x100.png/ff4444/ffffff',
        'profile_img_origin_namedvallantine4', '2022-11-24 23:55:19', '2022-04-07 09:10:12');
insert into users (id, email, password, fourteen_agreement, gender, ad_agreement, personal_authentication, phone_number,
                   profile_name, name, rank, profile_img_name, profile_img_url, profile_img_origin_name, created_at,
                   modified_at)
values (6, 'dsodor5@squarespace.com', '1cc89e5b59014e43689e803bf9639bdac93071e17e32878c621d290c77ff8e4c', true, 'Male',
        true, true, '541-687-4298', 'dsodor5', 'Des Sodor', 'GOLD', 'profile_img_namedsodor5',
        'http://dummyimage.com/208x100.png/dddddd/000000', 'profile_img_origin_namedsodor5', '2022-11-23 12:35:53',
        '2022-05-20 07:13:47');
insert into users (id, email, password, fourteen_agreement, gender, ad_agreement, personal_authentication, phone_number,
                   profile_name, name, rank, profile_img_name, profile_img_url, profile_img_origin_name, created_at,
                   modified_at)
values (7, 'arobley6@icq.com', 'ee77166615f143b89d53ec3f927df453a6ae83be22ee4741ac802e6dfcbe9bad', true, 'Female', true,
        true, '312-825-0034', 'arobley6', 'Annabella Robley', 'GOLD', 'profile_img_namearobley6',
        'http://dummyimage.com/250x100.png/ff4444/ffffff', 'profile_img_origin_namearobley6', '2022-09-05 23:05:26',
        '2022-05-03 00:17:04');
insert into users (id, email, password, fourteen_agreement, gender, ad_agreement, personal_authentication, phone_number,
                   profile_name, name, rank, profile_img_name, profile_img_url, profile_img_origin_name, created_at,
                   modified_at)
values (8, 'cburkitt7@opensource.org', '40ac2a497671f0d4f00c06119c008b91ffebb733102266f9a904a447c6c90a51', true,
        'Female', true, true, '488-929-7280', 'cburkitt7', 'Claude Burkitt', 'SILVER', 'profile_img_namecburkitt7',
        'http://dummyimage.com/169x100.png/cc0000/ffffff', 'profile_img_origin_namecburkitt7', '2022-11-10 06:17:14',
        '2023-02-17 23:31:47');
insert into users (id, email, password, fourteen_agreement, gender, ad_agreement, personal_authentication, phone_number,
                   profile_name, name, rank, profile_img_name, profile_img_url, profile_img_origin_name, created_at,
                   modified_at)
values (9, 'pgoreway8@clickbank.net', 'c1a4f4138f34bac248761beb79fcc7b243599db49602167eb28bb6b0bc291cbc', true, 'Male',
        true, true, '239-132-2770', 'pgoreway8', 'Pryce Goreway', 'BRONZE', 'profile_img_namepgoreway8',
        'http://dummyimage.com/178x100.png/ff4444/ffffff', 'profile_img_origin_namepgoreway8', '2022-05-25 04:59:28',
        '2022-05-26 10:52:23');
insert into users (id, email, password, fourteen_agreement, gender, ad_agreement, personal_authentication, phone_number,
                   profile_name, name, rank, profile_img_name, profile_img_url, profile_img_origin_name, created_at,
                   modified_at)
values (10, 'dmussilli9@freewebs.com', 'e58da81dfe48f211aa96d136aa5b67880a26e820c365f9f8950ceb01873dd07c', true,
        'Female', true, true, '513-721-5179', 'dmussilli9', 'Dionne Mussilli', 'BRONZE', 'profile_img_namedmussilli9',
        'http://dummyimage.com/194x100.png/cc0000/ffffff', 'profile_img_origin_namedmussilli9', '2022-11-27 18:04:34',
        '2022-08-02 00:59:21');
insert into users (id, email, password, fourteen_agreement, gender, ad_agreement, personal_authentication, phone_number,
                   profile_name, name, rank, profile_img_name, profile_img_url, profile_img_origin_name, created_at,
                   modified_at)
values (11, 'epleveya@pinterest.com', 'aeaf98a16edd3f64123d54890d829549079520c0cfc331d0b3f008c33053aa90', true, 'Male',
        true, true, '134-844-3520', 'epleveya', 'Eduino Plevey', 'BRONZE', 'profile_img_nameepleveya',
        'http://dummyimage.com/128x100.png/cc0000/ffffff', 'profile_img_origin_nameepleveya', '2022-07-27 01:57:42',
        '2023-03-03 09:51:25');
insert into users (id, email, password, fourteen_agreement, gender, ad_agreement, personal_authentication, phone_number,
                   profile_name, name, rank, profile_img_name, profile_img_url, profile_img_origin_name, created_at,
                   modified_at)
values (12, 'ibukacb@newyorker.com', 'f5f173b672ba7d8e3d922f02653aa06e10f040e3d462fce1ec89d5306732ce75', true, 'Male',
        true, true, '902-233-7617', 'ibukacb', 'Iorgo Bukac', 'GOLD', 'profile_img_nameibukacb',
        'http://dummyimage.com/141x100.png/ff4444/ffffff', 'profile_img_origin_nameibukacb', '2022-04-28 23:13:50',
        '2022-06-11 05:59:34');
insert into users (id, email, password, fourteen_agreement, gender, ad_agreement, personal_authentication, phone_number,
                   profile_name, name, rank, profile_img_name, profile_img_url, profile_img_origin_name, created_at,
                   modified_at)
values (13, 'wvanc@state.gov', '03d32bf639cd188b808b94af42a65a63deb73bb8abb4411815471f54936c46ff', true, 'Male', true,
        true, '616-627-3801', 'wvanc', 'Wang Van der Brugge', 'BRONZE', 'profile_img_namewvanc',
        'http://dummyimage.com/171x100.png/dddddd/000000', 'profile_img_origin_namewvanc', '2022-08-02 14:32:55',
        '2022-12-20 09:28:08');
insert into users (id, email, password, fourteen_agreement, gender, ad_agreement, personal_authentication, phone_number,
                   profile_name, name, rank, profile_img_name, profile_img_url, profile_img_origin_name, created_at,
                   modified_at)
values (14, 'hwicklind@ezinearticles.com', '47350ff482dac0dee927dc658c2b822908e7bb73e05ff50bd8cca7da424e56cf', true,
        'Male', true, true, '830-327-7289', 'hwicklind', 'Haleigh Wicklin', 'SILVER', 'profile_img_namehwicklind',
        'http://dummyimage.com/248x100.png/dddddd/000000', 'profile_img_origin_namehwicklind', '2022-06-30 04:05:29',
        '2022-11-27 19:13:39');
insert into users (id, email, password, fourteen_agreement, gender, ad_agreement, personal_authentication, phone_number,
                   profile_name, name, rank, profile_img_name, profile_img_url, profile_img_origin_name, created_at,
                   modified_at)
values (15, 'zducastele@unesco.org', '9304dae058403014c6c41038c1e2713422b1eb9b0ffd6cdd84425913c4495358', true, 'Male',
        true, true, '761-677-7094', 'zducastele', 'Zebedee Ducastel', 'GOLD', 'profile_img_namezducastele',
        'http://dummyimage.com/135x100.png/dddddd/000000', 'profile_img_origin_namezducastele', '2022-07-02 00:54:08',
        '2023-02-21 00:01:12');
insert into users (id, email, password, fourteen_agreement, gender, ad_agreement, personal_authentication, phone_number,
                   profile_name, name, rank, profile_img_name, profile_img_url, profile_img_origin_name, created_at,
                   modified_at)
values (16, 'dbiggarf@instagram.com', 'b00e5b40f3a4ff3c3109a764b22d37a17c25cc340bdc417747e89826d3bb1399', true,
        'Female', true, true, '943-584-4737', 'dbiggarf', 'Devin Biggar', 'BRONZE', 'profile_img_namedbiggarf',
        'http://dummyimage.com/151x100.png/5fa2dd/ffffff', 'profile_img_origin_namedbiggarf', '2023-01-25 04:13:49',
        '2022-08-03 12:27:52');
insert into users (id, email, password, fourteen_agreement, gender, ad_agreement, personal_authentication, phone_number,
                   profile_name, name, rank, profile_img_name, profile_img_url, profile_img_origin_name, created_at,
                   modified_at)
values (17, 'alillog@wiley.com', '7b1f28e7346e56506f0c6c65252dd0291854eaa5c912da76f7da055f7876c4c9', true, 'Male', true,
        true, '720-410-7416', 'alillog', 'Aldon Lillo', 'GOLD', 'profile_img_namealillog',
        'http://dummyimage.com/101x100.png/5fa2dd/ffffff', 'profile_img_origin_namealillog', '2022-04-17 23:41:45',
        '2022-10-21 12:49:18');
insert into users (id, email, password, fourteen_agreement, gender, ad_agreement, personal_authentication, phone_number,
                   profile_name, name, rank, profile_img_name, profile_img_url, profile_img_origin_name, created_at,
                   modified_at)
values (18, 'jettyh@desdev.cn', '679fbaf00fe4ee343a770ccf90a396680b944750167377c54a5ed89ee9dc4c01', true, 'Male', true,
        true, '166-211-9007', 'jettyh', 'Jude Etty', 'BRONZE', 'profile_img_namejettyh',
        'http://dummyimage.com/213x100.png/5fa2dd/ffffff', 'profile_img_origin_namejettyh', '2022-08-05 18:11:16',
        '2022-08-26 10:01:09');
insert into users (id, email, password, fourteen_agreement, gender, ad_agreement, personal_authentication, phone_number,
                   profile_name, name, rank, profile_img_name, profile_img_url, profile_img_origin_name, created_at,
                   modified_at)
values (19, 'gvickorsi@zimbio.com', 'b39bdee5f1d136f1d881f380a8f76aab1fdc537185c912713abde1dab0326c0b', true, 'Male',
        true, true, '820-244-2631', 'gvickorsi', 'Gare Vickors', 'GOLD', 'profile_img_namegvickorsi',
        'http://dummyimage.com/203x100.png/5fa2dd/ffffff', 'profile_img_origin_namegvickorsi', '2022-11-03 14:33:47',
        '2022-08-17 21:56:43');
insert into users (id, email, password, fourteen_agreement, gender, ad_agreement, personal_authentication, phone_number,
                   profile_name, name, rank, profile_img_name, profile_img_url, profile_img_origin_name, created_at,
                   modified_at)
values (20, 'tsandellsj@vinaora.com', 'df28b5c4be94d357a537d71b217a825e512109bbf2a5a5636f17f0c446ad693c', true,
        'Female', true, true, '348-876-2425', 'tsandellsj', 'Tootsie Sandells', 'GOLD', 'profile_img_nametsandellsj',
        'http://dummyimage.com/120x100.png/5fa2dd/ffffff', 'profile_img_origin_nametsandellsj', '2022-04-28 13:09:56',
        '2022-12-04 15:01:09');


insert into manager (id, employee_number, password, name, phone_number, agreement, created_at, modified_at)
values (1, '01GWHVBTAZAFYYHR2QH8J7TM8V', '235fcee36f749172a108867d7d75dcd634e8069ffbaf9d0d54d04e6c019f0e00',
        'Helli Dowling', '707-376-7402', true, '2022-04-04 13:54:31', '2023-03-23 09:35:45');
insert into manager (id, employee_number, password, name, phone_number, agreement, created_at, modified_at)
values (2, '01GWHVBTBCF9J833P191RTEYQ6', 'cd29312233e0a3232fe054ada7efc42f87871e34623355163b5b8d73c2412140',
        'Ree Bamlett', '287-755-6396', true, '2022-08-26 18:08:01', '2023-03-11 14:31:35');
insert into manager (id, employee_number, password, name, phone_number, agreement, created_at, modified_at)
values (3, '01GWHVBTBGPD89D37RPTBJCGY6', 'eb4b41db181421190c49cf2df0b0ddf66834131409dabc626b166b59d6161b99',
        'Karly Fern', '957-676-3643', true, '2023-02-04 12:39:08', '2022-08-05 21:25:48');
insert into manager (id, employee_number, password, name, phone_number, agreement, created_at, modified_at)
values (4, '01GWHVBTBM8PWJQWCAA4JAME27', '3de756a1de33db2804156f63e4b7dbbafa0bc80600d7c3f4eedf9987115aaa35',
        'Evita Dew', '162-549-0382', true, '2022-05-30 22:45:27', '2022-10-26 07:36:07');
insert into manager (id, employee_number, password, name, phone_number, agreement, created_at, modified_at)
values (5, '01GWHVBTBS527SZ85MWJ4M38AF', '222975db56e281e69b00bc17afe4e55d6e9eac0736c71567602d713555db4367',
        'Orin Petts', '515-348-2533', true, '2022-11-04 02:06:29', '2022-08-30 07:55:00');
insert into manager (id, employee_number, password, name, phone_number, agreement, created_at, modified_at)
values (6, '01GWHVBTBYZE1PK2QWEK11KBCG', '645a4a4dd50f6c5c272ce29e8f36a4b524465be58f2a87d65de032a9862b9131',
        'Raquela Kierans', '256-609-4190', true, '2022-04-30 12:31:43', '2022-05-26 03:11:16');
insert into manager (id, employee_number, password, name, phone_number, agreement, created_at, modified_at)
values (7, '01GWHVBTC419Y0JTZWPR2YRK42', '6689a78db5bcff22ed5ce1e4136b0face621038d7262ba70ed4df5c134db9223',
        'Alwyn Cristofano', '480-786-1996', true, '2023-01-31 09:59:29', '2022-06-01 10:16:45');
insert into manager (id, employee_number, password, name, phone_number, agreement, created_at, modified_at)
values (8, '01GWHVBTC9TPYZTN2F0S29GJ5R', 'cf4307806375996217e1fae8cb3e821c201b4e99e2ad3a766ca86c145b4ccb56',
        'Amble Scarrott', '902-184-5141', true, '2022-12-20 12:46:17', '2022-05-13 15:16:03');
insert into manager (id, employee_number, password, name, phone_number, agreement, created_at, modified_at)
values (9, '01GWHVBTCD93ATGXAC4VFB5AF0', '389c06561abab3ba50d20c1f41b9cc2b802874d0af18e3b8e15c414f77251f5e',
        'Tadio Mew', '783-910-7898', true, '2022-12-20 22:13:20', '2022-12-31 19:36:20');
insert into manager (id, employee_number, password, name, phone_number, agreement, created_at, modified_at)
values (10, '01GWHVBTCJ6Q6CVFJGXMHY1C8V', '43b07a93d2b88391409235a1f2996b967d3681feb3f5c98a411f4a113d540ac8',
        'Eb Giannotti', '714-504-5205', true, '2022-06-08 06:33:34', '2022-10-05 15:06:59');
insert into manager (id, employee_number, password, name, phone_number, agreement, created_at, modified_at)
values (11, '01GWHVBTCPBPHVHJMVMK56A67Y', '52b38f4ee9bf215a75a9afeb8dc42831821eed27fafe46942cc3a8073c15f54c',
        'Doralynne Konke', '674-643-3991', true, '2022-08-25 21:42:47', '2022-04-16 23:26:40');
insert into manager (id, employee_number, password, name, phone_number, agreement, created_at, modified_at)
values (12, '01GWHVBTCVRQRGXKJY25YQ791N', '98e4a049e20aab65891cd098fae11217402fd449231fb4f714fe4923fead5e10',
        'Jaime Robbings', '692-499-1634', true, '2022-09-16 05:29:41', '2022-05-25 12:45:05');
insert into manager (id, employee_number, password, name, phone_number, agreement, created_at, modified_at)
values (13, '01GWHVBTCZV9SAHB7Q28T6Q4ZE', 'b89a0133c6f359179d3218dbe033b2082a55059cb2216d3d8c62fe1c01d70dc9',
        'Nap Loiterton', '633-982-0664', true, '2022-10-31 04:06:25', '2022-10-02 00:41:20');
insert into manager (id, employee_number, password, name, phone_number, agreement, created_at, modified_at)
values (14, '01GWHVBTD3Y8NVH4NJVR1Z8GJF', 'b8b48e8f4328ebbdd66b5489539b8b19bff9e9791697d971ff788a2776baa728',
        'Chick Gimblett', '267-733-3606', true, '2022-09-16 00:10:00', '2023-02-26 04:45:25');
insert into manager (id, employee_number, password, name, phone_number, agreement, created_at, modified_at)
values (15, '01GWHVBTD76Y5EE941226RJJTJ', '033addfd5b2218092bac5aaf6fc22953c1030621393049ce8b2e8afb82deebf8',
        'Rich Dumphry', '622-136-2883', true, '2022-10-31 20:46:07', '2022-07-25 05:49:52');
insert into manager (id, employee_number, password, name, phone_number, agreement, created_at, modified_at)
values (16, '01GWHVBTDAETWZJJMFQNZHJTX9', '02c941db7d59d7e8570745d9615229d38f9c77a6104e3ce780dab9545a677c5d',
        'Mycah Spreull', '227-104-1908', true, '2022-05-09 05:58:52', '2022-05-12 02:20:31');
insert into manager (id, employee_number, password, name, phone_number, agreement, created_at, modified_at)
values (17, '01GWHVBTDF81K2VR0GEE5VEYKK', 'eefe681c5e0043abc3207c537bfa8eccfe642944b22e6935a8e7916f9d1b7ed2',
        'Winston Ungaretti', '250-135-1238', true, '2022-08-13 23:23:36', '2022-11-10 22:41:04');
insert into manager (id, employee_number, password, name, phone_number, agreement, created_at, modified_at)
values (18, '01GWHVBTDMQY6A8217N8EATR8A', '92fa41e8a80d73bdfd88eb5e22c7aa31949d16422651eff22f9d7fbfec1c5c5b',
        'Leonardo Videneev', '926-725-4645', true, '2022-07-30 04:32:52', '2022-06-03 22:44:22');
insert into manager (id, employee_number, password, name, phone_number, agreement, created_at, modified_at)
values (19, '01GWHVBTDR46QNTAN1HQD4JV6Z', '33997b7f4e607fa2d7d0504282319b60bc34ed9d965dc4b28d8f4719bd19ed05',
        'Lynnette Broadist', '318-518-5098', true, '2023-03-11 10:36:25', '2022-10-24 17:22:00');
insert into manager (id, employee_number, password, name, phone_number, agreement, created_at, modified_at)
values (20, '01GWHVBTDWPP75KBJKVD85X3T7', 'cc46ff40a4244f6819eff61fe3faae6f9100d7ad69c771ea66bc7609fd88bf32',
        'Gifford Manger', '243-194-7348', true, '2023-01-25 10:08:13', '2023-03-11 20:15:17');


insert into address (id, user_id, name, phone_number, zipcode, detail1, detail2, created_at)
values (1, 1, 'Skelhorn', '223-225-2640', '13', 'Annamark', 'Junction', '2023-03-18 16:13:48');
insert into address (id, user_id, name, phone_number, zipcode, detail1, detail2, created_at)
values (2, 2, 'Lanchberry', '471-903-1400', '4914', 'Vernon', 'Point', '2022-07-14 13:59:39');
insert into address (id, user_id, name, phone_number, zipcode, detail1, detail2, created_at)
values (3, 3, 'Pawelczyk', '843-942-6370', '8462', 'Dwight', 'Alley', '2022-10-10 19:09:18');
insert into address (id, user_id, name, phone_number, zipcode, detail1, detail2, created_at)
values (4, 4, 'Tyas', '561-579-9568', '81', 'Commercial', 'Trail', '2022-08-28 10:30:06');
insert into address (id, user_id, name, phone_number, zipcode, detail1, detail2, created_at)
values (5, 5, 'Dearsley', '659-835-9508', '356', 'Golden Leaf', 'Pass', '2022-05-03 14:43:39');
insert into address (id, user_id, name, phone_number, zipcode, detail1, detail2, created_at)
values (6, 6, 'Plunket', '983-486-8374', '85', 'Sherman', 'Street', '2023-01-03 06:36:42');
insert into address (id, user_id, name, phone_number, zipcode, detail1, detail2, created_at)
values (7, 7, 'Chill', '261-269-4704', '2452', 'Erie', 'Alley', '2022-09-10 02:21:09');
insert into address (id, user_id, name, phone_number, zipcode, detail1, detail2, created_at)
values (8, 8, 'Staner', '967-739-0757', '06646', 'Almo', 'Plaza', '2022-05-11 04:12:04');
insert into address (id, user_id, name, phone_number, zipcode, detail1, detail2, created_at)
values (9, 9, 'Hubeaux', '568-355-7143', '53676', 'Canary', 'Trail', '2023-01-17 16:14:22');
insert into address (id, user_id, name, phone_number, zipcode, detail1, detail2, created_at)
values (10, 10, 'Denisot', '752-931-3884', '46', 'Charing Cross', 'Court', '2022-04-17 21:19:15');
insert into address (id, user_id, name, phone_number, zipcode, detail1, detail2, created_at)
values (11, 11, 'Scrinage', '559-465-4269', '592', 'Hayes', 'Avenue', '2022-08-22 16:48:58');
insert into address (id, user_id, name, phone_number, zipcode, detail1, detail2, created_at)
values (12, 12, 'Tideswell', '456-855-8059', '7674', 'Norway Maple', 'Lane', '2022-12-21 20:28:19');
insert into address (id, user_id, name, phone_number, zipcode, detail1, detail2, created_at)
values (13, 13, 'Gladdis', '778-693-2447', '228', 'Esch', 'Crossing', '2022-05-21 20:28:47');
insert into address (id, user_id, name, phone_number, zipcode, detail1, detail2, created_at)
values (14, 14, 'Goldingay', '532-838-4367', '6357', 'Hanover', 'Alley', '2023-01-03 15:00:13');
insert into address (id, user_id, name, phone_number, zipcode, detail1, detail2, created_at)
values (15, 15, 'Kiddle', '771-359-0295', '7410', 'Weeping Birch', 'Pass', '2023-01-12 13:50:57');
insert into address (id, user_id, name, phone_number, zipcode, detail1, detail2, created_at)
values (16, 16, 'Kauscher', '435-593-4915', '532', 'Reindahl', 'Alley', '2022-09-06 11:00:47');
insert into address (id, user_id, name, phone_number, zipcode, detail1, detail2, created_at)
values (17, 17, 'Boggon', '783-215-8154', '65', 'American', 'Way', '2022-05-14 14:03:29');
insert into address (id, user_id, name, phone_number, zipcode, detail1, detail2, created_at)
values (18, 18, 'Churn', '198-442-5821', '46904', 'Hooker', 'Court', '2022-10-16 02:00:29');
insert into address (id, user_id, name, phone_number, zipcode, detail1, detail2, created_at)
values (19, 19, 'Berrill', '795-939-5582', '06', 'Katie', 'Junction', '2022-11-26 13:04:27');
insert into address (id, user_id, name, phone_number, zipcode, detail1, detail2, created_at)
values (20, 20, 'Breton', '525-716-3029', '3150', 'Glacier Hill', 'Alley', '2022-04-04 00:29:08');


insert into payment_card (id, user_id, card_company, card_number, expiration, card_pw, created_at)
values (1, 1, 'Morar-Gottlieb', '0604460137338071', '2024-07-11 22:28:15', '606yNzM', '2022-12-18 02:18:06');
insert into payment_card (id, user_id, card_company, card_number, expiration, card_pw, created_at)
values (2, 2, 'Stamm, O''Keefe and Beahan', '5602243928740981', '2025-03-01 17:03:27', '1Li1DtCNaYrk',
        '2022-10-31 17:13:04');
insert into payment_card (id, user_id, card_company, card_number, expiration, card_pw, created_at)
values (3, 3, 'Vandervort-Frami', '5100133641380479', '2024-04-03 01:58:35', 'F1Aky3hS8m1', '2022-08-29 08:13:30');
insert into payment_card (id, user_id, card_company, card_number, expiration, card_pw, created_at)
values (4, 4, 'Stoltenberg LLC', '4041379739303', '2024-11-27 22:02:55', 'jXaxsUaSe', '2022-12-28 06:13:26');
insert into payment_card (id, user_id, card_company, card_number, expiration, card_pw, created_at)
values (5, 5, 'Kris, Murray and Roberts', '4175000993618371', '2024-07-02 23:58:20', 'O2NjL7', '2023-03-12 12:31:42');
insert into payment_card (id, user_id, card_company, card_number, expiration, card_pw, created_at)
values (6, 6, 'Hoppe-Kirlin', '3531861721230230', '2024-07-08 06:58:06', 'VBwLnoV', '2022-05-03 05:58:25');
insert into payment_card (id, user_id, card_company, card_number, expiration, card_pw, created_at)
values (7, 7, 'Douglas Group', '5602236046612139516', '2024-10-27 12:30:55', 'aAB0q7dO', '2022-10-16 12:04:59');
insert into payment_card (id, user_id, card_company, card_number, expiration, card_pw, created_at)
values (8, 8, 'Koch, Littel and Gutmann', '4017954657564564', '2025-02-08 17:18:44', 'GcgDuNp9pb',
        '2022-10-22 19:26:38');
insert into payment_card (id, user_id, card_company, card_number, expiration, card_pw, created_at)
values (9, 9, 'Doyle, Cartwright and Renner', '3542742465147946', '2024-06-30 05:55:20', '167ektg',
        '2022-09-25 13:56:35');
insert into payment_card (id, user_id, card_company, card_number, expiration, card_pw, created_at)
values (10, 10, 'Abbott-Kub', '5602244323854328', '2025-01-05 20:38:50', '9l3NKT1', '2022-08-22 23:58:41');
insert into payment_card (id, user_id, card_company, card_number, expiration, card_pw, created_at)
values (11, 11, 'Marks Inc', '3567942869010845', '2024-05-03 06:52:54', 'uVKsjr', '2022-12-11 23:19:27');
insert into payment_card (id, user_id, card_company, card_number, expiration, card_pw, created_at)
values (12, 12, 'Nienow-Thompson', '56022209535134566', '2025-03-03 05:39:18', 'auHIRo', '2022-05-17 12:45:15');
insert into payment_card (id, user_id, card_company, card_number, expiration, card_pw, created_at)
values (13, 13, 'Bradtke-Deckow', '3583415897294749', '2024-11-05 17:46:12', 'l3IOwlllQ', '2022-04-03 06:33:13');
insert into payment_card (id, user_id, card_company, card_number, expiration, card_pw, created_at)
values (14, 14, 'Smitham-Stiedemann', '3558819235508267', '2024-04-29 19:12:26', '9io6NkS', '2022-08-26 05:21:50');
insert into payment_card (id, user_id, card_company, card_number, expiration, card_pw, created_at)
values (15, 15, 'Pfeffer-Herzog', '3555360180455199', '2024-07-07 06:57:40', '1cJaVmZk3N24', '2022-11-24 22:45:21');
insert into payment_card (id, user_id, card_company, card_number, expiration, card_pw, created_at)
values (16, 16, 'Luettgen LLC', '3544564427867678', '2024-03-29 22:31:15', 'K839cZp', '2022-08-14 12:27:07');
insert into payment_card (id, user_id, card_company, card_number, expiration, card_pw, created_at)
values (17, 17, 'Jakubowski LLC', '201606525512225', '2025-02-13 18:56:46', 'PBQD7F0TQl', '2022-06-10 10:45:36');
insert into payment_card (id, user_id, card_company, card_number, expiration, card_pw, created_at)
values (18, 18, 'Ferry-Larkin', '56022271497806342', '2024-07-20 21:03:45', 'n0pVoHyn', '2023-03-15 04:57:20');
insert into payment_card (id, user_id, card_company, card_number, expiration, card_pw, created_at)
values (19, 19, 'Bechtelar-Wisozk', '3574070664562959', '2024-04-20 03:37:06', 'lgzIED230fX', '2022-05-29 23:47:57');
insert into payment_card (id, user_id, card_company, card_number, expiration, card_pw, created_at)
values (20, 20, 'Kunde, Boyle and Treutel', '201712715251184', '2024-08-30 02:00:55', 'VyCiNMK', '2022-07-20 00:25:03');


insert into sales_account (id, user_id, bank_name, account_number, account_holder, created_at)
values (1, 1, 'KB', 'tz1VQNiikCxKZEpYTGz1bCSYhnqDbW8X4Py2', 'Fivey', '2023-01-02 06:44:21');
insert into sales_account (id, user_id, bank_name, account_number, account_holder, created_at)
values (2, 2, '신한', 'tz1h5Ahji9ZrBFDBeRy6T1BYQTwHQFFuJ9wq', 'Mugg', '2022-04-23 10:47:18');
insert into sales_account (id, user_id, bank_name, account_number, account_holder, created_at)
values (3, 3, 'KB', 'tz1PTAeqso648nbPjXAPCuWjWSFRBbWiXddY', 'Lideard', '2022-08-31 18:39:56');
insert into sales_account (id, user_id, bank_name, account_number, account_holder, created_at)
values (4, 4, '신한', 'tz1iSYQrwTiK3DbpBQXkUppiPZRKGVQ9uZC6', 'Kobisch', '2023-02-21 19:07:46');
insert into sales_account (id, user_id, bank_name, account_number, account_holder, created_at)
values (5, 5, '신한', 'tz1fKYxLukeLmtSwoRNLRs1wto361HdqzXbV', 'Hulson', '2023-01-10 01:41:57');
insert into sales_account (id, user_id, bank_name, account_number, account_holder, created_at)
values (6, 6, '신한', 'tz1dXDKWXwCMU9uJUWpaCe7V5h66RDxiu8GM', 'Sansum', '2023-03-15 18:25:11');
insert into sales_account (id, user_id, bank_name, account_number, account_holder, created_at)
values (7, 7, '농협', 'tz1QB1mxVs7YC785Ja8gdTE2btT8uL9YNkxH', 'Jencken', '2022-05-04 17:00:04');
insert into sales_account (id, user_id, bank_name, account_number, account_holder, created_at)
values (8, 8, 'KB', 'tz1P534Zc4YDgxqYQtcimHShPnoVJ7VJLEd3', 'Boldt', '2022-09-11 08:55:29');
insert into sales_account (id, user_id, bank_name, account_number, account_holder, created_at)
values (9, 9, '농협', 'tz1RvRPWbDV9EJXpKNGMkLJHEjijTKXa5sfJ', 'Doey', '2022-11-27 07:03:15');
insert into sales_account (id, user_id, bank_name, account_number, account_holder, created_at)
values (10, 10, '농협', 'tz1RRDn24CZXV8kBr6AoZ3ELvnYysKumMV56', 'Whewell', '2022-07-10 09:26:27');
insert into sales_account (id, user_id, bank_name, account_number, account_holder, created_at)
values (11, 11, 'KB', 'tz1evVAd4GhtmAcsvz5e85chFQyLDfPRvGVd', 'Woller', '2023-03-24 11:08:59');
insert into sales_account (id, user_id, bank_name, account_number, account_holder, created_at)
values (12, 12, '신한', 'tz1ZeVimM51M5BbUobwS92bnxUoqLaXZGFqT', 'Karlolczak', '2022-10-09 16:02:24');
insert into sales_account (id, user_id, bank_name, account_number, account_holder, created_at)
values (13, 13, 'KB', 'tz1bPxLGY4z9oHSMKRX8vnAvwhATvkZsNvmv', 'Ritchings', '2022-12-23 08:42:39');
insert into sales_account (id, user_id, bank_name, account_number, account_holder, created_at)
values (14, 14, '신한', 'tz1QNCZaZWNBr6xxfnyEN4TvEn1upHgtfCW9', 'Delicate', '2023-03-26 13:18:24');
insert into sales_account (id, user_id, bank_name, account_number, account_holder, created_at)
values (15, 15, '농협', 'tz1fmNgMeLMS21K7tzRPk6szQggRwVyCyqzc', 'Bedome', '2022-05-28 05:18:56');
insert into sales_account (id, user_id, bank_name, account_number, account_holder, created_at)
values (16, 16, '신한', 'tz1QAB5sDCyZvjjAvRtCnYn7Z2DB8TftwdSM', 'Sprowles', '2022-10-23 23:02:35');
insert into sales_account (id, user_id, bank_name, account_number, account_holder, created_at)
values (17, 17, '신한', 'tz1NJ1tjtUcHxaQ9naqFoUXj7eXNjkb87v6N', 'Margaritelli', '2022-05-04 03:13:15');
insert into sales_account (id, user_id, bank_name, account_number, account_holder, created_at)
values (18, 18, '농협', 'tz1gALZgWMJzpMTN4sG6FMYiN6cLsmXWZWE6', 'Klimke', '2022-11-17 07:23:44');
insert into sales_account (id, user_id, bank_name, account_number, account_holder, created_at)
values (19, 19, '신한', 'tz1fAoNBWrfQv1bL8nMYJthgoSXowNFnmUKz', 'Brabender', '2022-12-23 03:41:20');
insert into sales_account (id, user_id, bank_name, account_number, account_holder, created_at)
values (20, 20, '신한', 'tz1iN6XbSPeasVQ7yhW6n7bPZ6gGU5QDKq5Q', 'Murrigan', '2022-09-12 08:28:47');


insert into brand (id, brand_name, is_luxury) values (1, '2000Archives', false);
insert into brand (id, brand_name, is_luxury) values (2, 'A Cold Wall', true);
insert into brand (id, brand_name, is_luxury) values (3, 'A.P.C.', false);
insert into brand (id, brand_name, is_luxury) values (4, 'A.P.C. Golf', true);
insert into brand (id, brand_name, is_luxury) values (5, 'Accrue', false);
insert into brand (id, brand_name, is_luxury) values (6, 'Acne Studios', true);
insert into brand (id, brand_name, is_luxury) values (7, 'Acqua Di Parma', true);
insert into brand (id, brand_name, is_luxury) values (8, 'Ader Error', false);
insert into brand (id, brand_name, is_luxury) values (9, 'Adidas', true);
insert into brand (id, brand_name, is_luxury) values (10, 'Aesop', false);
insert into brand (id, brand_name, is_luxury) values (11, 'Aime Leon Dore', false);
insert into brand (id, brand_name, is_luxury) values (12, 'Alden', false);
insert into brand (id, brand_name, is_luxury) values (13, 'Alexander McQueen', true);
insert into brand (id, brand_name, is_luxury) values (14, 'Allegri', true);
insert into brand (id, brand_name, is_luxury) values (15, 'Allets', false);
insert into brand (id, brand_name, is_luxury) values (16, 'Ambush', false);
insert into brand (id, brand_name, is_luxury) values (17, 'AMD', true);
insert into brand (id, brand_name, is_luxury) values (18, 'AMI', true);
insert into brand (id, brand_name, is_luxury) values (19, 'Amiacalva', false);
insert into brand (id, brand_name, is_luxury) values (20, 'Andersen Andersen', false);
insert into brand (id, brand_name, is_luxury) values (21, 'Andersson Bell', false);
insert into brand (id, brand_name, is_luxury) values (22, 'Anti Social Social Club', true);
insert into brand (id, brand_name, is_luxury) values (23, 'AOP', true);
insert into brand (id, brand_name, is_luxury) values (24, 'Apple', false);
insert into brand (id, brand_name, is_luxury) values (25, 'Arc''teryx', false);
insert into brand (id, brand_name, is_luxury) values (26, 'Art of Field', true);
insert into brand (id, brand_name, is_luxury) values (27, 'Artemide', false);
insert into brand (id, brand_name, is_luxury) values (28, 'Asics', false);
insert into brand (id, brand_name, is_luxury) values (29, 'Asus', true);
insert into brand (id, brand_name, is_luxury) values (30, 'Audio-Technica', false);
insert into brand (id, brand_name, is_luxury) values (31, 'Auralee', true);
insert into brand (id, brand_name, is_luxury) values (32, 'Autry', false);
insert into brand (id, brand_name, is_luxury) values (33, 'Axel Arigato', false);
insert into brand (id, brand_name, is_luxury) values (34, 'Balenciaga', true);
insert into brand (id, brand_name, is_luxury) values (35, 'Bally', true);
insert into brand (id, brand_name, is_luxury) values (36, 'Balmuda', false);
insert into brand (id, brand_name, is_luxury) values (37, 'Bandai', true);
insert into brand (id, brand_name, is_luxury) values (38, 'Bang & Olufsen', true);
insert into brand (id, brand_name, is_luxury) values (39, 'Bao Bao Issey Miyake', false);
insert into brand (id, brand_name, is_luxury) values (40, 'BAPE', false);
insert into brand (id, brand_name, is_luxury) values (41, 'Barbour', true);
insert into brand (id, brand_name, is_luxury) values (42, 'Bearbrick', true);
insert into brand (id, brand_name, is_luxury) values (43, 'Beats', true);
insert into brand (id, brand_name, is_luxury) values (44, 'Birkenstock', false);
insert into brand (id, brand_name, is_luxury) values (45, 'Bohemian Seoul', false);
insert into brand (id, brand_name, is_luxury) values (46, 'Bon Ton Toys', true);
insert into brand (id, brand_name, is_luxury) values (47, 'Bose', false);
insert into brand (id, brand_name, is_luxury) values (48, 'Bottega Veneta', true);
insert into brand (id, brand_name, is_luxury) values (49, 'Boucheron', false);
insert into brand (id, brand_name, is_luxury) values (50, 'Breitling', false);
insert into brand (id, brand_name, is_luxury) values (51, 'Bugaboo', false);
insert into brand (id, brand_name, is_luxury) values (52, 'Burberry', true);
insert into brand (id, brand_name, is_luxury) values (53, 'Byredo', false);
insert into brand (id, brand_name, is_luxury) values (54, 'C.P. Company', true);
insert into brand (id, brand_name, is_luxury) values (55, 'Cactus Plant Flea Market', true);
insert into brand (id, brand_name, is_luxury) values (56, 'Camper', true);
insert into brand (id, brand_name, is_luxury) values (57, 'Canada Goose', true);
insert into brand (id, brand_name, is_luxury) values (58, 'Cartier', false);
insert into brand (id, brand_name, is_luxury) values (59, 'Casetify', false);
insert into brand (id, brand_name, is_luxury) values (60, 'Casio', false);
insert into brand (id, brand_name, is_luxury) values (61, 'Cav Empt', false);
insert into brand (id, brand_name, is_luxury) values (62, 'Cavish', true);
insert into brand (id, brand_name, is_luxury) values (63, 'CDG', true);
insert into brand (id, brand_name, is_luxury) values (64, 'Celine', false);
insert into brand (id, brand_name, is_luxury) values (65, 'CERRIC', false);
insert into brand (id, brand_name, is_luxury) values (66, 'Champion', true);
insert into brand (id, brand_name, is_luxury) values (67, 'Chanel', true);
insert into brand (id, brand_name, is_luxury) values (68, 'Charles Jeffrey Loverboy', true);
insert into brand (id, brand_name, is_luxury) values (69, 'Chloe', true);
insert into brand (id, brand_name, is_luxury) values (70, 'Chrome Hearts', true);
insert into brand (id, brand_name, is_luxury) values (71, 'Church''s', false);
insert into brand (id, brand_name, is_luxury) values (72, 'Clarks', false);
insert into brand (id, brand_name, is_luxury) values (73, 'Coach', false);
insert into brand (id, brand_name, is_luxury) values (74, 'Comme des Garcons', false);
insert into brand (id, brand_name, is_luxury) values (75, 'Common Projects', true);
insert into brand (id, brand_name, is_luxury) values (76, 'Comoli', true);
insert into brand (id, brand_name, is_luxury) values (77, 'Converse', true);
insert into brand (id, brand_name, is_luxury) values (78, 'Coperni', true);
insert into brand (id, brand_name, is_luxury) values (79, 'Corsair', false);
insert into brand (id, brand_name, is_luxury) values (80, 'COS', true);
insert into brand (id, brand_name, is_luxury) values (81, 'Courreges', true);
insert into brand (id, brand_name, is_luxury) values (82, 'Creed', false);
insert into brand (id, brand_name, is_luxury) values (83, 'Crocs', true);
insert into brand (id, brand_name, is_luxury) values (84, 'Dada', true);
insert into brand (id, brand_name, is_luxury) values (85, 'Daniel Arsham', false);
insert into brand (id, brand_name, is_luxury) values (86, 'Darkr8m Studio', false);
insert into brand (id, brand_name, is_luxury) values (87, 'Darling You''re Bad', false);
insert into brand (id, brand_name, is_luxury) values (88, 'Delvaux', false);
insert into brand (id, brand_name, is_luxury) values (89, 'Denim Tears', false);
insert into brand (id, brand_name, is_luxury) values (90, 'Destree', false);
insert into brand (id, brand_name, is_luxury) values (91, 'Diesel', true);
insert into brand (id, brand_name, is_luxury) values (92, 'Dior', true);
insert into brand (id, brand_name, is_luxury) values (93, 'Diptyque', false);
insert into brand (id, brand_name, is_luxury) values (94, 'DJI', false);
insert into brand (id, brand_name, is_luxury) values (95, 'Dr. Martens', false);
insert into brand (id, brand_name, is_luxury) values (96, 'Drew House', false);
insert into brand (id, brand_name, is_luxury) values (97, 'DU', false);
insert into brand (id, brand_name, is_luxury) values (98, 'Duvetica', false);
insert into brand (id, brand_name, is_luxury) values (99, 'Dyson', false);
insert into brand (id, brand_name, is_luxury) values (100, 'EAAH', false);
insert into brand (id, brand_name, is_luxury) values (101, 'Effector', true);
insert into brand (id, brand_name, is_luxury) values (102, 'Emis', false);
insert into brand (id, brand_name, is_luxury) values (103, 'Endlessdenim', true);
insert into brand (id, brand_name, is_luxury) values (104, 'ENOR', true);
insert into brand (id, brand_name, is_luxury) values (105, 'ERL', true);
insert into brand (id, brand_name, is_luxury) values (106, 'Esense Worldwide', true);
insert into brand (id, brand_name, is_luxury) values (107, 'Essentials', true);
insert into brand (id, brand_name, is_luxury) values (108, 'Fear of God', false);
insert into brand (id, brand_name, is_luxury) values (109, 'Fendi', false);
insert into brand (id, brand_name, is_luxury) values (110, 'Ferragamo', true);
insert into brand (id, brand_name, is_luxury) values (111, 'Fetch', true);
insert into brand (id, brand_name, is_luxury) values (112, 'Finalmouse', true);
insert into brand (id, brand_name, is_luxury) values (113, 'Fitbit', true);
insert into brand (id, brand_name, is_luxury) values (114, 'Flos', true);
insert into brand (id, brand_name, is_luxury) values (115, 'Forbitches', false);
insert into brand (id, brand_name, is_luxury) values (116, 'Found Pocket', true);
insert into brand (id, brand_name, is_luxury) values (117, 'Fragment', true);
insert into brand (id, brand_name, is_luxury) values (118, 'Freak''s Store', true);
insert into brand (id, brand_name, is_luxury) values (119, 'Fred', false);
insert into brand (id, brand_name, is_luxury) values (120, 'Frederic Malle', false);
insert into brand (id, brand_name, is_luxury) values (121, 'Frica', false);
insert into brand (id, brand_name, is_luxury) values (122, 'Futura Laboratories', false);
insert into brand (id, brand_name, is_luxury) values (123, 'G/Fore', false);
insert into brand (id, brand_name, is_luxury) values (124, 'Gallery Dept.', false);
insert into brand (id, brand_name, is_luxury) values (125, 'Ganni', false);
insert into brand (id, brand_name, is_luxury) values (126, 'Garrett Leight', true);
insert into brand (id, brand_name, is_luxury) values (127, 'GCDS-diane', false);
insert into brand (id, brand_name, is_luxury) values (128, 'Giorgio Armani', false);
insert into brand (id, brand_name, is_luxury) values (129, 'Givenchy', true);
insert into brand (id, brand_name, is_luxury) values (130, 'Golden Goose', false);
insert into brand (id, brand_name, is_luxury) values (131, 'Google', false);
insert into brand (id, brand_name, is_luxury) values (132, 'GoPro', true);
insert into brand (id, brand_name, is_luxury) values (133, 'Goyard', true);
insert into brand (id, brand_name, is_luxury) values (134, 'Grafik:', false);
insert into brand (id, brand_name, is_luxury) values (135, 'Grailz', true);
insert into brand (id, brand_name, is_luxury) values (136, 'Gregory', false);
insert into brand (id, brand_name, is_luxury) values (137, 'Gucci', false);
insert into brand (id, brand_name, is_luxury) values (138, 'Guepard', true);
insert into brand (id, brand_name, is_luxury) values (139, 'Guidi', false);
insert into brand (id, brand_name, is_luxury) values (140, 'Haleine', true);
insert into brand (id, brand_name, is_luxury) values (141, 'Helen Kaminski', false);
insert into brand (id, brand_name, is_luxury) values (142, 'Helinox', true);
insert into brand (id, brand_name, is_luxury) values (143, 'Herman Miller', false);
insert into brand (id, brand_name, is_luxury) values (144, 'Hermes', true);
insert into brand (id, brand_name, is_luxury) values (145, 'Hidden NY', false);
insert into brand (id, brand_name, is_luxury) values (146, 'Hobonichi', true);
insert into brand (id, brand_name, is_luxury) values (147, 'Hoka One One', true);
insert into brand (id, brand_name, is_luxury) values (148, 'Homme Plisse Issey Miyake', false);
insert into brand (id, brand_name, is_luxury) values (149, 'Hot Toys', false);
insert into brand (id, brand_name, is_luxury) values (150, 'Hot Wheels', false);
insert into brand (id, brand_name, is_luxury) values (151, 'House of Sunny', true);
insert into brand (id, brand_name, is_luxury) values (152, 'Howlin', false);
insert into brand (id, brand_name, is_luxury) values (153, 'Human Made', false);
insert into brand (id, brand_name, is_luxury) values (154, 'Hunter', true);
insert into brand (id, brand_name, is_luxury) values (155, 'IAB Studio', true);
insert into brand (id, brand_name, is_luxury) values (156, 'IKEA', false);
insert into brand (id, brand_name, is_luxury) values (157, 'Insane Garage', false);
insert into brand (id, brand_name, is_luxury) values (158, 'INSTANTFUNK', true);
insert into brand (id, brand_name, is_luxury) values (159, 'Isabel Marant', true);
insert into brand (id, brand_name, is_luxury) values (160, 'Jacquemus', false);
insert into brand (id, brand_name, is_luxury) values (161, 'Jellycat', false);
insert into brand (id, brand_name, is_luxury) values (162, 'Jil Sander', false);
insert into brand (id, brand_name, is_luxury) values (163, 'Jimmy Choo', true);
insert into brand (id, brand_name, is_luxury) values (164, 'Jo Malone', true);
insert into brand (id, brand_name, is_luxury) values (165, 'JOEGUSH', false);
insert into brand (id, brand_name, is_luxury) values (166, 'Jordan', true);
insert into brand (id, brand_name, is_luxury) values (167, 'JTO Originals', true);
insert into brand (id, brand_name, is_luxury) values (168, 'Juun.J', false);
insert into brand (id, brand_name, is_luxury) values (169, 'Kaikai Kiki', false);
insert into brand (id, brand_name, is_luxury) values (170, 'KANGHYUK', true);
insert into brand (id, brand_name, is_luxury) values (171, 'Kapital', false);
insert into brand (id, brand_name, is_luxury) values (172, 'Kaws', true);
insert into brand (id, brand_name, is_luxury) values (173, 'Keen', true);
insert into brand (id, brand_name, is_luxury) values (174, 'Kenzo', true);
insert into brand (id, brand_name, is_luxury) values (175, 'Kiko Kostadinov', true);
insert into brand (id, brand_name, is_luxury) values (176, 'Kilian', false);
insert into brand (id, brand_name, is_luxury) values (177, 'KINDERSALMON', false);
insert into brand (id, brand_name, is_luxury) values (178, 'Kith', false);
insert into brand (id, brand_name, is_luxury) values (179, 'Knoll', true);
insert into brand (id, brand_name, is_luxury) values (180, 'Knotted', true);
insert into brand (id, brand_name, is_luxury) values (181, 'Kracker', true);
insert into brand (id, brand_name, is_luxury) values (182, 'Kuboraum', false);
insert into brand (id, brand_name, is_luxury) values (183, 'KYO', false);
insert into brand (id, brand_name, is_luxury) values (184, 'Last Resort AB', false);
insert into brand (id, brand_name, is_luxury) values (185, 'Le Labo', false);
insert into brand (id, brand_name, is_luxury) values (186, 'LE17SEPTEMBRE', false);
insert into brand (id, brand_name, is_luxury) values (187, 'Lego', true);
insert into brand (id, brand_name, is_luxury) values (188, 'LEHA', false);
insert into brand (id, brand_name, is_luxury) values (189, 'Leica', true);
insert into brand (id, brand_name, is_luxury) values (190, 'Lemaire', false);
insert into brand (id, brand_name, is_luxury) values (191, 'Levi''s', false);
insert into brand (id, brand_name, is_luxury) values (192, 'LG', true);
insert into brand (id, brand_name, is_luxury) values (193, 'Loewe', false);
insert into brand (id, brand_name, is_luxury) values (194, 'Logitech', true);
insert into brand (id, brand_name, is_luxury) values (195, 'Longchamp', true);
insert into brand (id, brand_name, is_luxury) values (196, 'Loro Piana', false);
insert into brand (id, brand_name, is_luxury) values (197, 'Louis Vuitton', true);
insert into brand (id, brand_name, is_luxury) values (198, 'Lululemon', true);
insert into brand (id, brand_name, is_luxury) values (199, 'Mackage', false);
insert into brand (id, brand_name, is_luxury) values (200, 'Maison Francis Kurkdjian', false);
insert into brand (id, brand_name, is_luxury) values (201, 'Maison Kitsune', true);
insert into brand (id, brand_name, is_luxury) values (202, 'Maison Margiela', false);
insert into brand (id, brand_name, is_luxury) values (203, 'Malbon Golf', true);
insert into brand (id, brand_name, is_luxury) values (204, 'Maman et Fille', false);
insert into brand (id, brand_name, is_luxury) values (205, 'Marine Serre', false);
insert into brand (id, brand_name, is_luxury) values (206, 'Marni', false);
insert into brand (id, brand_name, is_luxury) values (207, 'Marsell', true);
insert into brand (id, brand_name, is_luxury) values (208, 'Marshall', false);
insert into brand (id, brand_name, is_luxury) values (209, 'Matin Kim', true);
insert into brand (id, brand_name, is_luxury) values (210, 'Max Mara', true);
insert into brand (id, brand_name, is_luxury) values (211, 'Merrell', false);
insert into brand (id, brand_name, is_luxury) values (212, 'Meta', false);
insert into brand (id, brand_name, is_luxury) values (213, 'Microsoft', false);
insert into brand (id, brand_name, is_luxury) values (214, 'Mihara Yasuhiro', true);
insert into brand (id, brand_name, is_luxury) values (215, 'Military Surplus', false);
insert into brand (id, brand_name, is_luxury) values (216, 'MILLO', true);
insert into brand (id, brand_name, is_luxury) values (217, 'Minitmute', true);
insert into brand (id, brand_name, is_luxury) values (218, 'MISU A BARBE', false);
insert into brand (id, brand_name, is_luxury) values (219, 'Miu Miu', true);
insert into brand (id, brand_name, is_luxury) values (220, 'Mizuno', false);
insert into brand (id, brand_name, is_luxury) values (221, 'MM6 Maison Margiela', true);
insert into brand (id, brand_name, is_luxury) values (222, 'Monamhee', true);
insert into brand (id, brand_name, is_luxury) values (223, 'Moncler', true);
insert into brand (id, brand_name, is_luxury) values (224, 'Montblanc', false);
insert into brand (id, brand_name, is_luxury) values (225, 'Moon Boot', true);
insert into brand (id, brand_name, is_luxury) values (226, 'Moose Knuckles', false);
insert into brand (id, brand_name, is_luxury) values (227, 'Mschf', true);
insert into brand (id, brand_name, is_luxury) values (228, 'Music & Goods', true);
insert into brand (id, brand_name, is_luxury) values (229, 'Nanamica', true);
insert into brand (id, brand_name, is_luxury) values (230, 'Native Sons', true);
insert into brand (id, brand_name, is_luxury) values (231, 'Needles', true);
insert into brand (id, brand_name, is_luxury) values (232, 'Neighborhood', false);
insert into brand (id, brand_name, is_luxury) values (233, 'New Balance', false);
insert into brand (id, brand_name, is_luxury) values (234, 'New Era', false);
insert into brand (id, brand_name, is_luxury) values (235, 'Newberry Knitting', true);
insert into brand (id, brand_name, is_luxury) values (236, 'NIEEH', false);
insert into brand (id, brand_name, is_luxury) values (237, 'NIHEE', false);
insert into brand (id, brand_name, is_luxury) values (238, 'Nike', false);
insert into brand (id, brand_name, is_luxury) values (239, 'Nintendo-ann', true);
insert into brand (id, brand_name, is_luxury) values (240, 'Nonnod', false);
insert into brand (id, brand_name, is_luxury) values (241, 'Nordisk', false);
insert into brand (id, brand_name, is_luxury) values (242, 'NOS7', true);
insert into brand (id, brand_name, is_luxury) values (243, 'Numbering', false);
insert into brand (id, brand_name, is_luxury) values (244, 'Nvidia', true);
insert into brand (id, brand_name, is_luxury) values (245, 'Oakley', false);
insert into brand (id, brand_name, is_luxury) values (246, 'Off-White', true);
insert into brand (id, brand_name, is_luxury) values (247, 'Onitsuka Tiger', false);
insert into brand (id, brand_name, is_luxury) values (248, 'Oofos', false);
insert into brand (id, brand_name, is_luxury) values (249, 'Opening Project', true);
insert into brand (id, brand_name, is_luxury) values (250, 'Orlebar Brown', true);
insert into brand (id, brand_name, is_luxury) values (251, 'Our Legacy', false);
insert into brand (id, brand_name, is_luxury) values (252, 'Over The Pitch', true);
insert into brand (id, brand_name, is_luxury) values (253, 'Palace', true);
insert into brand (id, brand_name, is_luxury) values (254, 'Paloma Wool', true);
insert into brand (id, brand_name, is_luxury) values (255, 'Paraboot', false);
insert into brand (id, brand_name, is_luxury) values (256, 'Parajumpers', true);
insert into brand (id, brand_name, is_luxury) values (257, 'Patagonia', false);
insert into brand (id, brand_name, is_luxury) values (258, 'Peaceminusone', true);
insert into brand (id, brand_name, is_luxury) values (259, 'Peaches.', true);
insert into brand (id, brand_name, is_luxury) values (260, 'Peuterey', false);
insert into brand (id, brand_name, is_luxury) values (261, 'Philips Hue', true);
insert into brand (id, brand_name, is_luxury) values (262, 'Play Comme des Garcons', true);
insert into brand (id, brand_name, is_luxury) values (263, 'Playmobil', false);
insert into brand (id, brand_name, is_luxury) values (264, 'Pokemon', true);
insert into brand (id, brand_name, is_luxury) values (265, 'Polar Skate Co.', false);
insert into brand (id, brand_name, is_luxury) values (266, 'Polo Ralph Lauren', true);
insert into brand (id, brand_name, is_luxury) values (267, 'Polyteru', false);
insert into brand (id, brand_name, is_luxury) values (268, 'Pop Mart', false);
insert into brand (id, brand_name, is_luxury) values (269, 'Porter', false);
insert into brand (id, brand_name, is_luxury) values (270, 'Prada', true);
insert into brand (id, brand_name, is_luxury) values (271, 'Project G/R', true);
insert into brand (id, brand_name, is_luxury) values (272, 'Puma', true);
insert into brand (id, brand_name, is_luxury) values (273, 'Punch Drunk Parties', true);
insert into brand (id, brand_name, is_luxury) values (274, 'PXG', true);
insert into brand (id, brand_name, is_luxury) values (275, 'Queen Studios', true);
insert into brand (id, brand_name, is_luxury) values (276, 'Ray-Ban', false);
insert into brand (id, brand_name, is_luxury) values (277, 'Razer', true);
insert into brand (id, brand_name, is_luxury) values (278, 'Real Force', false);
insert into brand (id, brand_name, is_luxury) values (279, 'Recto', false);
insert into brand (id, brand_name, is_luxury) values (280, 'Reebok', false);
insert into brand (id, brand_name, is_luxury) values (281, 'Repetto', false);
insert into brand (id, brand_name, is_luxury) values (282, 'Reproduction of Found', false);
insert into brand (id, brand_name, is_luxury) values (283, 'Retrosuperfuture', true);
insert into brand (id, brand_name, is_luxury) values (284, 'Rick Owens', false);
insert into brand (id, brand_name, is_luxury) values (285, 'Rimowa', true);
insert into brand (id, brand_name, is_luxury) values (286, 'Roa Hiking', false);
insert into brand (id, brand_name, is_luxury) values (287, 'Roger Vivier', false);
insert into brand (id, brand_name, is_luxury) values (288, 'Rolex', false);
insert into brand (id, brand_name, is_luxury) values (289, 's/e/o', false);
insert into brand (id, brand_name, is_luxury) values (290, 'Sacai', false);
insert into brand (id, brand_name, is_luxury) values (291, 'Saenginstudios', false);
insert into brand (id, brand_name, is_luxury) values (292, 'Safarispot', true);
insert into brand (id, brand_name, is_luxury) values (293, 'Saint Laurent', true);
insert into brand (id, brand_name, is_luxury) values (294, 'Saint Mxxxxxx', false);
insert into brand (id, brand_name, is_luxury) values (295, 'Salomon', true);
insert into brand (id, brand_name, is_luxury) values (296, 'Samsung', true);
insert into brand (id, brand_name, is_luxury) values (297, 'Sansan Gear', false);
insert into brand (id, brand_name, is_luxury) values (298, 'Santa Maria Novella', false);
insert into brand (id, brand_name, is_luxury) values (299, 'Say Touche', true);
insert into brand (id, brand_name, is_luxury) values (300, 'SCUDO', false);
insert into brand (id, brand_name, is_luxury) values (301, 'Sllow Garments', true);
insert into brand (id, brand_name, is_luxury) values (302, 'Snow Peak', true);
insert into brand (id, brand_name, is_luxury) values (303, 'Sony', false);
insert into brand (id, brand_name, is_luxury) values (304, 'Soundlook', false);
insert into brand (id, brand_name, is_luxury) values (305, 'South2 West8', false);
insert into brand (id, brand_name, is_luxury) values (306, 'Souvenir Official', true);
insert into brand (id, brand_name, is_luxury) values (307, 'Spectrum', false);
insert into brand (id, brand_name, is_luxury) values (308, 'Starbucks', true);
insert into brand (id, brand_name, is_luxury) values (309, 'Steelseries', false);
insert into brand (id, brand_name, is_luxury) values (310, 'Stefan Cooke', true);
insert into brand (id, brand_name, is_luxury) values (311, 'Stokke', true);
insert into brand (id, brand_name, is_luxury) values (312, 'Stone Island', false);
insert into brand (id, brand_name, is_luxury) values (313, 'STU', true);
insert into brand (id, brand_name, is_luxury) values (314, 'Studio Nicholson', true);
insert into brand (id, brand_name, is_luxury) values (315, 'Stussy', false);
insert into brand (id, brand_name, is_luxury) values (316, 'Suicoke', true);
insert into brand (id, brand_name, is_luxury) values (317, 'Sunnei', true);
insert into brand (id, brand_name, is_luxury) values (318, 'Supreme', true);
insert into brand (id, brand_name, is_luxury) values (319, 'Surgery', false);
insert into brand (id, brand_name, is_luxury) values (320, 'Swatch', false);
insert into brand (id, brand_name, is_luxury) values (321, 'Taylormade', true);
insert into brand (id, brand_name, is_luxury) values (322, 'Tecta', false);
insert into brand (id, brand_name, is_luxury) values (323, 'Telfar', false);
insert into brand (id, brand_name, is_luxury) values (324, 'Ten C', false);
insert into brand (id, brand_name, is_luxury) values (325, 'THE IDENTITY PROJECT', true);
insert into brand (id, brand_name, is_luxury) values (326, 'The Museum Visitor', false);
insert into brand (id, brand_name, is_luxury) values (327, 'The North Face', true);
insert into brand (id, brand_name, is_luxury) values (328, 'The Row', false);
insert into brand (id, brand_name, is_luxury) values (329, 'THEILMA', true);
insert into brand (id, brand_name, is_luxury) values (330, 'Theopen Product', true);
insert into brand (id, brand_name, is_luxury) values (331, 'Thevinylhouse', false);
insert into brand (id, brand_name, is_luxury) values (332, 'Thisisneverthat', true);
insert into brand (id, brand_name, is_luxury) values (333, 'Thom Browne', true);
insert into brand (id, brand_name, is_luxury) values (334, 'THRASHER', true);
insert into brand (id, brand_name, is_luxury) values (335, 'Thug Club', true);
insert into brand (id, brand_name, is_luxury) values (336, 'Tiffany & Co.', false);
insert into brand (id, brand_name, is_luxury) values (337, 'TILLDAWN', true);
insert into brand (id, brand_name, is_luxury) values (338, 'Timber Skateboard', false);
insert into brand (id, brand_name, is_luxury) values (339, 'Timberland', false);
insert into brand (id, brand_name, is_luxury) values (340, 'Tod''s', true);
insert into brand (id, brand_name, is_luxury) values (341, 'Toei Studio', false);
insert into brand (id, brand_name, is_luxury) values (342, 'Tom Ford', true);
insert into brand (id, brand_name, is_luxury) values (343, 'Tom Sachs', false);
insert into brand (id, brand_name, is_luxury) values (344, 'Tory Burch', false);
insert into brand (id, brand_name, is_luxury) values (345, 'Toteme', true);
insert into brand (id, brand_name, is_luxury) values (346, 'Tudor', false);
insert into brand (id, brand_name, is_luxury) values (347, 'Typing Mistake', true);
insert into brand (id, brand_name, is_luxury) values (348, 'UGG', true);
insert into brand (id, brand_name, is_luxury) values (349, 'Ulika Sanctus', true);
insert into brand (id, brand_name, is_luxury) values (350, 'Undercover', true);
insert into brand (id, brand_name, is_luxury) values (351, 'Undermycar', true);
insert into brand (id, brand_name, is_luxury) values (352, 'Uni', true);
insert into brand (id, brand_name, is_luxury) values (353, 'Uniqlo', false);
insert into brand (id, brand_name, is_luxury) values (354, 'USM', true);
insert into brand (id, brand_name, is_luxury) values (355, 'Vacheron Constantin', true);
insert into brand (id, brand_name, is_luxury) values (356, 'Valentino', false);
insert into brand (id, brand_name, is_luxury) values (357, 'Valve', true);
insert into brand (id, brand_name, is_luxury) values (358, 'Van Cleef & Arpels', false);
insert into brand (id, brand_name, is_luxury) values (359, 'Vandy The Pink', false);
insert into brand (id, brand_name, is_luxury) values (360, 'Vans', false);
insert into brand (id, brand_name, is_luxury) values (361, 'Varmilo', false);
insert into brand (id, brand_name, is_luxury) values (362, 'Verdy', false);
insert into brand (id, brand_name, is_luxury) values (363, 'Visvim', true);
insert into brand (id, brand_name, is_luxury) values (364, 'Vivienne Westwood', true);
insert into brand (id, brand_name, is_luxury) values (365, 'Wacko Maria', false);
insert into brand (id, brand_name, is_luxury) values (366, 'Waviness', true);
insert into brand (id, brand_name, is_luxury) values (367, 'WD', true);
insert into brand (id, brand_name, is_luxury) values (368, 'WNDERKAMMER', true);
insert into brand (id, brand_name, is_luxury) values (369, 'Won Chaser', false);
insert into brand (id, brand_name, is_luxury) values (370, 'Wooyoungmi', true);
insert into brand (id, brand_name, is_luxury) values (371, 'Xbox', false);
insert into brand (id, brand_name, is_luxury) values (372, 'Y-3', false);
insert into brand (id, brand_name, is_luxury) values (373, 'Yeezy', false);
insert into brand (id, brand_name, is_luxury) values (374, 'Yeti', false);
insert into brand (id, brand_name, is_luxury) values (375, 'Yvmin', false);
insert into brand (id, brand_name, is_luxury) values (376, 'Zara', false);


insert into item (id, item_name, model_number, category1, category2, gender, release_date, representative_color, released_price, latest_price, brand_id, created_at, modified_at, manager_id) values (1, 'Jozef', '1477910689', 'shoes', 'sneakers', 'Male', '2022-06-13 09:02:40', 'Blue', 2500000, 4950000, 303, '2022-06-14 14:56:55', '2023-03-04 18:51:14', 4);
insert into item (id, item_name, model_number, category1, category2, gender, release_date, representative_color, released_price, latest_price, brand_id, created_at, modified_at, manager_id) values (2, 'Sigfrid', '7795658857', 'shoes', 'loafer', 'Male', '2022-07-11 14:47:16', 'Teal', 380000, 5470000, 132, '2022-10-30 16:16:50', '2022-10-04 12:50:03', 18);
insert into item (id, item_name, model_number, category1, category2, gender, release_date, representative_color, released_price, latest_price, brand_id, created_at, modified_at, manager_id) values (3, 'Veradis', '2286318654', 'shoes', 'derby', 'Female', '2022-12-12 23:55:14', 'Purple', 3020000, 7170000, 368, '2022-10-18 09:16:09', '2022-05-25 02:35:14', 7);
insert into item (id, item_name, model_number, category1, category2, gender, release_date, representative_color, released_price, latest_price, brand_id, created_at, modified_at, manager_id) values (4, 'Consuela', '4632484946', 'shoes', 'flat', 'Female', '2022-04-02 11:30:24', 'Khaki', 6790000, 2500000, 18, '2022-10-01 00:54:30', '2023-02-15 08:07:11', 16);
insert into item (id, item_name, model_number, category1, category2, gender, release_date, representative_color, released_price, latest_price, brand_id, created_at, modified_at, manager_id) values (5, 'Dwight', '0369869044', 'shoes', 'sandal', 'Male', '2023-01-15 06:01:55', 'Goldenrod', 9490000, 2990000, 39, '2022-07-10 05:38:32', '2022-06-07 06:55:58', 1);
insert into item (id, item_name, model_number, category1, category2, gender, release_date, representative_color, released_price, latest_price, brand_id, created_at, modified_at, manager_id) values (6, 'Jermaine', '3387619758', 'shoes', 'heels', 'Female', '2022-09-29 06:16:36', 'Turquoise', 2490000, 1280000, 306, '2022-08-10 18:21:12', '2022-09-26 10:32:35', 13);
insert into item (id, item_name, model_number, category1, category2, gender, release_date, representative_color, released_price, latest_price, brand_id, created_at, modified_at, manager_id) values (7, 'Pammi', '3308293250', 'shoes', 'boots', 'Female', '2023-03-04 10:55:44', 'Crimson', 7780000, 140000, 235, '2023-02-20 14:18:13', '2022-06-25 12:53:05', 20);
insert into item (id, item_name, model_number, category1, category2, gender, release_date, representative_color, released_price, latest_price, brand_id, created_at, modified_at, manager_id) values (8, 'Harris', '4415999123', 'shoes', 'other', 'Male', '2022-06-23 11:51:52', 'Violet', 5910000, 8220000, 367, '2022-08-07 15:41:46', '2023-01-02 21:25:12', 7);
insert into item (id, item_name, model_number, category1, category2, gender, release_date, representative_color, released_price, latest_price, brand_id, created_at, modified_at, manager_id) values (9, 'Merla', '3456804423', 'outer', 'jacket', 'Female', '2022-11-13 01:19:20', 'Indigo', 4990000, 940000, 308, '2022-03-30 11:41:36', '2022-08-29 23:50:01', 2);
insert into item (id, item_name, model_number, category1, category2, gender, release_date, representative_color, released_price, latest_price, brand_id, created_at, modified_at, manager_id) values (10, 'Pippo', '1360824766', 'outer', 'coat', 'Male', '2022-07-08 09:45:34', 'Goldenrod', 6400000, 6240000, 329, '2022-08-02 14:05:41', '2023-03-24 20:19:53', 7);
insert into item (id, item_name, model_number, category1, category2, gender, release_date, representative_color, released_price, latest_price, brand_id, created_at, modified_at, manager_id) values (11, 'Alys', '5613936439', 'outer', 'anorak', 'Female', '2022-04-15 11:49:58', 'Crimson', 4240000, 2070000, 113, '2022-05-12 07:26:15', '2023-03-02 16:27:09', 14);
insert into item (id, item_name, model_number, category1, category2, gender, release_date, representative_color, released_price, latest_price, brand_id, created_at, modified_at, manager_id) values (12, 'Dollie', '9143045839', 'outer', 'padding', 'Female', '2022-04-16 23:15:52', 'Violet', 7650000, 9370000, 338, '2023-01-05 23:54:17', '2022-08-02 07:06:46', 11);
insert into item (id, item_name, model_number, category1, category2, gender, release_date, representative_color, released_price, latest_price, brand_id, created_at, modified_at, manager_id) values (13, 'Melicent', '9977444773', 'outer', 'other', 'Female', '2022-11-18 17:27:02', 'Puce', 4520000, 7620000, 158, '2022-05-12 02:51:52', '2022-06-26 17:08:07', 19);
insert into item (id, item_name, model_number, category1, category2, gender, release_date, representative_color, released_price, latest_price, brand_id, created_at, modified_at, manager_id) values (14, 'Marta', '0462934888', 'outer', 'jacket', 'Female', '2022-07-17 17:44:42', 'Purple', 4510000, 9420000, 342, '2022-08-06 04:17:30', '2023-02-03 17:09:03', 5);
insert into item (id, item_name, model_number, category1, category2, gender, release_date, representative_color, released_price, latest_price, brand_id, created_at, modified_at, manager_id) values (15, 'Chloe', '7910553900', 'outer', 'jacket', 'Female', '2023-02-04 21:00:37', 'Green', 3500000, 2790000, 324, '2023-03-26 21:09:25', '2022-12-03 15:47:10', 4);
insert into item (id, item_name, model_number, category1, category2, gender, release_date, representative_color, released_price, latest_price, brand_id, created_at, modified_at, manager_id) values (16, 'Henriette', '8212822761', 'outer', 'coat', 'Female', '2022-11-03 08:58:14', 'Khaki', 870000, 5580000, 263, '2022-10-10 14:06:52', '2022-11-14 22:27:57', 9);
insert into item (id, item_name, model_number, category1, category2, gender, release_date, representative_color, released_price, latest_price, brand_id, created_at, modified_at, manager_id) values (17, 'Woodrow', '5102393030', 'outer', 'padding', 'Male', '2022-11-10 19:42:23', 'Fuscia', 4250000, 5400000, 355, '2022-08-12 13:26:11', '2022-09-04 08:20:23', 18);
insert into item (id, item_name, model_number, category1, category2, gender, release_date, representative_color, released_price, latest_price, brand_id, created_at, modified_at, manager_id) values (18, 'Toni', '2302577841', 'tops', 'cardigans', 'Female', '2023-03-17 06:21:48', 'Red', 7770000, 8510000, 237, '2022-05-20 18:46:13', '2022-09-29 17:06:52', 14);
insert into item (id, item_name, model_number, category1, category2, gender, release_date, representative_color, released_price, latest_price, brand_id, created_at, modified_at, manager_id) values (19, 'Tricia', '5755611890', 'tops', 'hoodies', 'Female', '2022-04-21 03:11:24', 'Puce', 7220000, 6530000, 273, '2023-03-13 13:47:46', '2022-08-10 18:46:00', 4);
insert into item (id, item_name, model_number, category1, category2, gender, release_date, representative_color, released_price, latest_price, brand_id, created_at, modified_at, manager_id) values (20, 'Huey', '4306633977', 'tops', 'hood zip-ups', 'Male', '2023-03-08 03:19:03', 'Orange', 2480000, 5930000, 361, '2022-07-01 20:40:52', '2023-02-07 11:18:14', 10);
insert into item (id, item_name, model_number, category1, category2, gender, release_date, representative_color, released_price, latest_price, brand_id, created_at, modified_at, manager_id) values (21, 'Ganny', '1925456161', 'tops', 'sweatshirts', 'Male', '2022-10-13 17:55:30', 'Teal', 2200000, 1990000, 300, '2022-10-12 04:04:42', '2023-03-14 09:01:04', 20);
insert into item (id, item_name, model_number, category1, category2, gender, release_date, representative_color, released_price, latest_price, brand_id, created_at, modified_at, manager_id) values (22, 'Nickolaus', '3232566138', 'tops', 'shirts', 'Male', '2022-11-30 06:30:21', 'Violet', 4370000, 5170000, 223, '2022-09-07 17:04:07', '2022-04-02 07:04:58', 19);
insert into item (id, item_name, model_number, category1, category2, gender, release_date, representative_color, released_price, latest_price, brand_id, created_at, modified_at, manager_id) values (23, 'Ariadne', '1062632540', 'tops', 'long-sleeved', 'Female', '2023-03-20 00:06:02', 'Crimson', 2710000, 9290000, 213, '2022-05-07 17:12:14', '2022-06-26 16:06:04', 8);
insert into item (id, item_name, model_number, category1, category2, gender, release_date, representative_color, released_price, latest_price, brand_id, created_at, modified_at, manager_id) values (24, 'Coralyn', '5235090268', 'tops', 'short-sleeved', 'Female', '2022-09-03 10:47:34', 'Orange', 9440000, 6950000, 365, '2022-10-03 18:24:08', '2022-04-17 14:18:58', 8);
insert into item (id, item_name, model_number, category1, category2, gender, release_date, representative_color, released_price, latest_price, brand_id, created_at, modified_at, manager_id) values (25, 'Orsola', '8104259660', 'tops', 'knitwear', 'Female', '2023-02-04 05:54:04', 'Aquamarine', 4250000, 920000, 233, '2022-05-25 01:36:18', '2022-07-28 11:36:08', 1);
insert into item (id, item_name, model_number, category1, category2, gender, release_date, representative_color, released_price, latest_price, brand_id, created_at, modified_at, manager_id) values (26, 'Osmund', '4622905795', 'tops', 'sleeveless', 'Male', '2022-05-26 12:19:10', 'Puce', 5570000, 5700000, 234, '2023-01-08 03:49:09', '2022-08-01 22:18:28', 10);
insert into item (id, item_name, model_number, category1, category2, gender, release_date, representative_color, released_price, latest_price, brand_id, created_at, modified_at, manager_id) values (27, 'Ardenia', '1833210441', 'tops', 'dresses', 'Female', '2022-03-28 16:58:24', 'Mauv', 9020000, 2060000, 266, '2022-06-08 14:30:35', '2022-04-03 16:38:43', 19);
insert into item (id, item_name, model_number, category1, category2, gender, release_date, representative_color, released_price, latest_price, brand_id, created_at, modified_at, manager_id) values (28, 'Dione', '2825613541', 'tops', 'other', 'Female', '2022-12-07 07:28:56', 'Green', 6120000, 2410000, 373, '2022-06-20 14:17:31', '2022-06-01 22:26:12', 4);
insert into item (id, item_name, model_number, category1, category2, gender, release_date, representative_color, released_price, latest_price, brand_id, created_at, modified_at, manager_id) values (29, 'Torey', '5970340081', 'tops', 'knitwear', 'Female', '2022-10-27 04:13:38', 'Crimson', 6180000, 1300000, 366, '2022-09-22 14:25:37', '2022-11-22 16:49:29', 11);
insert into item (id, item_name, model_number, category1, category2, gender, release_date, representative_color, released_price, latest_price, brand_id, created_at, modified_at, manager_id) values (30, 'Leesa', '5964019102', 'bottoms', 'pants', 'Female', '2022-12-02 10:25:28', 'Violet', 8370000, 3700000, 260, '2023-01-20 19:09:22', '2022-07-14 22:08:05', 5);
insert into item (id, item_name, model_number, category1, category2, gender, release_date, representative_color, released_price, latest_price, brand_id, created_at, modified_at, manager_id) values (31, 'Meir', '5890439219', 'bottoms', 'shorts', 'Male', '2022-10-24 14:19:28', 'Indigo', 830000, 8900000, 37, '2022-05-11 06:28:38', '2023-02-15 20:41:59', 19);
insert into item (id, item_name, model_number, category1, category2, gender, release_date, representative_color, released_price, latest_price, brand_id, created_at, modified_at, manager_id) values (32, 'Hilly', '7378673668', 'bottoms', 'skirts', 'Female', '2022-10-18 13:23:38', 'Red', 9170000, 7690000, 315, '2022-10-24 10:09:28', '2022-12-08 05:55:34', 10);
insert into item (id, item_name, model_number, category1, category2, gender, release_date, representative_color, released_price, latest_price, brand_id, created_at, modified_at, manager_id) values (33, 'Isaiah', '2691746305', 'bottoms', 'leggings', 'FeMale', '2022-12-24 13:55:19', 'Teal', 3770000, 1960000, 281, '2022-09-07 22:20:49', '2022-05-01 14:36:04', 13);
insert into item (id, item_name, model_number, category1, category2, gender, release_date, representative_color, released_price, latest_price, brand_id, created_at, modified_at, manager_id) values (34, 'Thaddus', '8862613075', 'bottoms', 'pants', 'Male', '2022-07-30 15:27:08', 'Orange', 2860000, 6890000, 355, '2023-01-29 16:59:23', '2022-05-26 23:44:52', 6);
insert into item (id, item_name, model_number, category1, category2, gender, release_date, representative_color, released_price, latest_price, brand_id, created_at, modified_at, manager_id) values (35, 'Solly', '3726832564', 'bottoms', 'other', 'Male', '2022-12-09 10:53:37', 'Aquamarine', 670000, 710000, 296, '2022-08-31 21:18:20', '2023-01-16 23:07:43', 19);


insert into item_size_price (id, item_id, size, lowest_selling_price, highest_purchase_price, modified_at) values (1, 27, 'one size', 70000, 30000, '2022-11-13 22:07:20');
insert into item_size_price (id, item_id, size, lowest_selling_price, highest_purchase_price, modified_at) values (2, 12, 'one size', 50000, 30000, '2022-09-17 05:10:48');
insert into item_size_price (id, item_id, size, lowest_selling_price, highest_purchase_price, modified_at) values (3, 26, 'one size', 100000, 20000, '2023-01-03 20:13:30');
insert into item_size_price (id, item_id, size, lowest_selling_price, highest_purchase_price, modified_at) values (4, 28, 'one size', 100000, 40000, '2022-10-14 12:53:33');
insert into item_size_price (id, item_id, size, lowest_selling_price, highest_purchase_price, modified_at) values (5, 28, 'one size', 70000, 50000, '2022-09-28 06:33:05');
insert into item_size_price (id, item_id, size, lowest_selling_price, highest_purchase_price, modified_at) values (6, 22, 'one size', 70000, 40000, '2023-01-06 20:21:52');
insert into item_size_price (id, item_id, size, lowest_selling_price, highest_purchase_price, modified_at) values (7, 4, 260, 70000, 20000, '2022-08-27 22:23:01');
insert into item_size_price (id, item_id, size, lowest_selling_price, highest_purchase_price, modified_at) values (8, 12, 'one size', 60000, 20000, '2022-12-18 22:43:47');
insert into item_size_price (id, item_id, size, lowest_selling_price, highest_purchase_price, modified_at) values (9, 28, 'one size', 80000, 40000, '2022-04-25 14:47:40');
insert into item_size_price (id, item_id, size, lowest_selling_price, highest_purchase_price, modified_at) values (10, 22, 'one size', 90000, 50000, '2022-08-31 08:19:30');
insert into item_size_price (id, item_id, size, lowest_selling_price, highest_purchase_price, modified_at) values (11, 20, 'one size', 90000, 10000, '2023-01-25 03:46:26');
insert into item_size_price (id, item_id, size, lowest_selling_price, highest_purchase_price, modified_at) values (12, 2, 260, 60000, 10000, '2022-09-17 07:38:06');
insert into item_size_price (id, item_id, size, lowest_selling_price, highest_purchase_price, modified_at) values (13, 35, 'one size', 60000, 10000, '2023-02-20 22:50:28');
insert into item_size_price (id, item_id, size, lowest_selling_price, highest_purchase_price, modified_at) values (14, 12, 'one size', 70000, 20000, '2022-07-25 00:08:52');
insert into item_size_price (id, item_id, size, lowest_selling_price, highest_purchase_price, modified_at) values (15, 3, 260, 100000, 30000, '2022-08-19 12:45:10');
insert into item_size_price (id, item_id, size, lowest_selling_price, highest_purchase_price, modified_at) values (16, 26, 'one size', 50000, 50000, '2023-03-20 11:06:13');
insert into item_size_price (id, item_id, size, lowest_selling_price, highest_purchase_price, modified_at) values (17, 10, 'one size', 70000, 40000, '2022-12-04 15:02:21');
insert into item_size_price (id, item_id, size, lowest_selling_price, highest_purchase_price, modified_at) values (18, 18, 'one size', 70000, 40000, '2022-10-20 21:17:40');
insert into item_size_price (id, item_id, size, lowest_selling_price, highest_purchase_price, modified_at) values (19, 13, 'one size', 50000, 30000, '2022-07-14 19:36:27');
insert into item_size_price (id, item_id, size, lowest_selling_price, highest_purchase_price, modified_at) values (20, 34, 'one size', 50000, 20000, '2022-08-12 17:06:45');
insert into item_size_price (id, item_id, size, lowest_selling_price, highest_purchase_price, modified_at) values (21, 25, 'one size', 90000, 10000, '2022-12-22 23:26:30');
insert into item_size_price (id, item_id, size, lowest_selling_price, highest_purchase_price, modified_at) values (22, 27, 'one size', 50000, 50000, '2022-12-01 07:51:23');
insert into item_size_price (id, item_id, size, lowest_selling_price, highest_purchase_price, modified_at) values (23, 33, 'one size', 80000, 30000, '2022-10-14 22:11:39');
insert into item_size_price (id, item_id, size, lowest_selling_price, highest_purchase_price, modified_at) values (24, 4, 260, 60000, 10000, '2022-08-10 06:26:35');
insert into item_size_price (id, item_id, size, lowest_selling_price, highest_purchase_price, modified_at) values (25, 28, 'one size', 100000, 20000, '2022-11-21 21:19:53');
insert into item_size_price (id, item_id, size, lowest_selling_price, highest_purchase_price, modified_at) values (26, 27, 'one size', 90000, 50000, '2022-08-07 08:35:01');
insert into item_size_price (id, item_id, size, lowest_selling_price, highest_purchase_price, modified_at) values (27, 5, 260, 80000, 10000, '2023-01-07 00:14:15');
insert into item_size_price (id, item_id, size, lowest_selling_price, highest_purchase_price, modified_at) values (28, 28, 'one size', 60000, 30000, '2022-07-30 12:59:14');
insert into item_size_price (id, item_id, size, lowest_selling_price, highest_purchase_price, modified_at) values (29, 4, 260, 50000, 10000, '2022-09-12 02:03:07');
insert into item_size_price (id, item_id, size, lowest_selling_price, highest_purchase_price, modified_at) values (30, 27, 'one size', 70000, 20000, '2022-04-17 11:23:30');
insert into item_size_price (id, item_id, size, lowest_selling_price, highest_purchase_price, modified_at) values (31, 8, 260, 70000, 50000, '2022-05-08 07:50:34');
insert into item_size_price (id, item_id, size, lowest_selling_price, highest_purchase_price, modified_at) values (32, 24, 'one size', 70000, 50000, '2022-12-21 10:56:52');
insert into item_size_price (id, item_id, size, lowest_selling_price, highest_purchase_price, modified_at) values (33, 25, 'one size', 80000, 20000, '2022-05-02 06:10:00');
insert into item_size_price (id, item_id, size, lowest_selling_price, highest_purchase_price, modified_at) values (34, 21, 'one size', 50000, 40000, '2022-04-13 10:11:54');
insert into item_size_price (id, item_id, size, lowest_selling_price, highest_purchase_price, modified_at) values (35, 35, 'one size', 100000, 10000, '2022-09-26 01:09:03');
insert into item_size_price (id, item_id, size, lowest_selling_price, highest_purchase_price, modified_at) values (36, 6, 260, 90000, 10000, '2022-12-05 00:35:19');
insert into item_size_price (id, item_id, size, lowest_selling_price, highest_purchase_price, modified_at) values (37, 17, 'one size', 60000, 10000, '2022-08-22 03:40:17');
insert into item_size_price (id, item_id, size, lowest_selling_price, highest_purchase_price, modified_at) values (38, 28, 'one size', 50000, 50000, '2023-03-11 19:25:37');
insert into item_size_price (id, item_id, size, lowest_selling_price, highest_purchase_price, modified_at) values (39, 33, 'one size', 90000, 40000, '2022-05-08 06:28:26');
insert into item_size_price (id, item_id, size, lowest_selling_price, highest_purchase_price, modified_at) values (40, 2, 260, 50000, 10000, '2022-06-28 23:28:35');
insert into item_size_price (id, item_id, size, lowest_selling_price, highest_purchase_price, modified_at) values (41, 29, 'one size', 80000, 40000, '2022-07-17 12:50:07');
insert into item_size_price (id, item_id, size, lowest_selling_price, highest_purchase_price, modified_at) values (42, 5, 260, 50000, 10000, '2023-03-27 05:13:42');
insert into item_size_price (id, item_id, size, lowest_selling_price, highest_purchase_price, modified_at) values (43, 14, 'one size', 100000, 30000, '2022-12-05 17:38:49');
insert into item_size_price (id, item_id, size, lowest_selling_price, highest_purchase_price, modified_at) values (44, 15, 'one size', 70000, 40000, '2022-08-29 08:37:40');
insert into item_size_price (id, item_id, size, lowest_selling_price, highest_purchase_price, modified_at) values (45, 11, 'one size', 50000, 50000, '2022-12-11 15:50:13');
insert into item_size_price (id, item_id, size, lowest_selling_price, highest_purchase_price, modified_at) values (46, 23, 'one size', 60000, 50000, '2022-12-17 10:29:13');
insert into item_size_price (id, item_id, size, lowest_selling_price, highest_purchase_price, modified_at) values (47, 11, 'one size', 50000, 30000, '2022-05-06 01:01:43');
insert into item_size_price (id, item_id, size, lowest_selling_price, highest_purchase_price, modified_at) values (48, 22, 'one size', 90000, 10000, '2022-06-22 15:00:04');
insert into item_size_price (id, item_id, size, lowest_selling_price, highest_purchase_price, modified_at) values (49, 2, 260, 50000, 50000, '2022-12-30 19:51:24');
insert into item_size_price (id, item_id, size, lowest_selling_price, highest_purchase_price, modified_at) values (50, 26, 'one size', 50000, 40000, '2022-11-23 17:52:13');
insert into item_size_price (id, item_id, size, lowest_selling_price, highest_purchase_price, modified_at) values (51, 17, 'one size', 90000, 40000, '2023-02-22 17:12:40');
insert into item_size_price (id, item_id, size, lowest_selling_price, highest_purchase_price, modified_at) values (52, 32, 'one size', 90000, 20000, '2023-03-10 16:53:56');
insert into item_size_price (id, item_id, size, lowest_selling_price, highest_purchase_price, modified_at) values (53, 1, 260, 90000, 50000, '2022-09-30 21:49:28');
insert into item_size_price (id, item_id, size, lowest_selling_price, highest_purchase_price, modified_at) values (54, 8, 260, 60000, 30000, '2022-11-15 18:07:51');
insert into item_size_price (id, item_id, size, lowest_selling_price, highest_purchase_price, modified_at) values (55, 6, 260, 70000, 40000, '2022-07-09 10:26:13');
insert into item_size_price (id, item_id, size, lowest_selling_price, highest_purchase_price, modified_at) values (56, 26, 'one size', 90000, 10000, '2022-06-29 13:55:07');
insert into item_size_price (id, item_id, size, lowest_selling_price, highest_purchase_price, modified_at) values (57, 20, 'one size', 70000, 50000, '2022-06-01 22:47:47');
insert into item_size_price (id, item_id, size, lowest_selling_price, highest_purchase_price, modified_at) values (58, 19, 'one size', 100000, 50000, '2022-11-21 23:33:20');
insert into item_size_price (id, item_id, size, lowest_selling_price, highest_purchase_price, modified_at) values (59, 5, 260, 90000, 30000, '2023-03-26 02:37:27');
insert into item_size_price (id, item_id, size, lowest_selling_price, highest_purchase_price, modified_at) values (60, 14, 'one size', 100000, 30000, '2022-07-26 19:13:05');
insert into item_size_price (id, item_id, size, lowest_selling_price, highest_purchase_price, modified_at) values (61, 29, 'one size', 60000, 20000, '2022-08-16 21:14:09');
insert into item_size_price (id, item_id, size, lowest_selling_price, highest_purchase_price, modified_at) values (62, 30, 'one size', 100000, 10000, '2022-07-21 23:40:50');
insert into item_size_price (id, item_id, size, lowest_selling_price, highest_purchase_price, modified_at) values (63, 4, 260, 70000, 50000, '2022-07-02 14:07:53');
insert into item_size_price (id, item_id, size, lowest_selling_price, highest_purchase_price, modified_at) values (64, 17, 'one size', 70000, 50000, '2022-12-07 02:59:33');
insert into item_size_price (id, item_id, size, lowest_selling_price, highest_purchase_price, modified_at) values (65, 24, 'one size', 60000, 10000, '2023-03-03 09:27:42');
insert into item_size_price (id, item_id, size, lowest_selling_price, highest_purchase_price, modified_at) values (66, 3, 260, 90000, 50000, '2023-01-01 05:13:19');
insert into item_size_price (id, item_id, size, lowest_selling_price, highest_purchase_price, modified_at) values (67, 21, 'one size', 80000, 40000, '2022-05-10 19:47:05');
insert into item_size_price (id, item_id, size, lowest_selling_price, highest_purchase_price, modified_at) values (68, 6, 260, 70000, 10000, '2022-11-13 18:04:59');
insert into item_size_price (id, item_id, size, lowest_selling_price, highest_purchase_price, modified_at) values (69, 16, 'one size', 80000, 30000, '2022-11-09 04:33:30');
insert into item_size_price (id, item_id, size, lowest_selling_price, highest_purchase_price, modified_at) values (70, 25, 'one size', 50000, 30000, '2022-11-06 07:03:41');
insert into item_size_price (id, item_id, size, lowest_selling_price, highest_purchase_price, modified_at) values (71, 29, 'one size', 60000, 10000, '2022-09-23 23:50:47');
insert into item_size_price (id, item_id, size, lowest_selling_price, highest_purchase_price, modified_at) values (72, 28, 'one size', 50000, 10000, '2022-12-07 10:46:32');
insert into item_size_price (id, item_id, size, lowest_selling_price, highest_purchase_price, modified_at) values (73, 17, 'one size', 90000, 50000, '2022-05-23 14:41:07');
insert into item_size_price (id, item_id, size, lowest_selling_price, highest_purchase_price, modified_at) values (74, 3, 260, 50000, 20000, '2023-03-26 01:38:09');
insert into item_size_price (id, item_id, size, lowest_selling_price, highest_purchase_price, modified_at) values (75, 35, 'one size', 70000, 40000, '2022-12-26 03:56:11');
insert into item_size_price (id, item_id, size, lowest_selling_price, highest_purchase_price, modified_at) values (76, 21, 'one size', 50000, 40000, '2022-05-26 19:34:49');
insert into item_size_price (id, item_id, size, lowest_selling_price, highest_purchase_price, modified_at) values (77, 29, 'one size', 100000, 30000, '2022-09-20 18:25:12');
insert into item_size_price (id, item_id, size, lowest_selling_price, highest_purchase_price, modified_at) values (78, 34, 'one size', 100000, 10000, '2022-08-11 16:56:36');
insert into item_size_price (id, item_id, size, lowest_selling_price, highest_purchase_price, modified_at) values (79, 21, 'one size', 100000, 30000, '2023-02-12 02:41:12');
insert into item_size_price (id, item_id, size, lowest_selling_price, highest_purchase_price, modified_at) values (80, 28, 'one size', 80000, 40000, '2022-07-31 16:57:42');
insert into item_size_price (id, item_id, size, lowest_selling_price, highest_purchase_price, modified_at) values (81, 25, 'one size', 90000, 30000, '2022-06-10 14:10:57');
insert into item_size_price (id, item_id, size, lowest_selling_price, highest_purchase_price, modified_at) values (82, 15, 'one size', 90000, 30000, '2023-03-03 23:05:45');
insert into item_size_price (id, item_id, size, lowest_selling_price, highest_purchase_price, modified_at) values (83, 4, 260, 50000, 20000, '2022-08-25 09:05:49');
insert into item_size_price (id, item_id, size, lowest_selling_price, highest_purchase_price, modified_at) values (84, 5, 260, 70000, 50000, '2022-07-19 00:55:41');
insert into item_size_price (id, item_id, size, lowest_selling_price, highest_purchase_price, modified_at) values (85, 25, 'one size', 50000, 30000, '2022-12-03 19:12:21');
insert into item_size_price (id, item_id, size, lowest_selling_price, highest_purchase_price, modified_at) values (86, 3, 260, 90000, 30000, '2022-12-13 04:23:13');
insert into item_size_price (id, item_id, size, lowest_selling_price, highest_purchase_price, modified_at) values (87, 6, 260, 70000, 50000, '2022-07-17 17:31:14');
insert into item_size_price (id, item_id, size, lowest_selling_price, highest_purchase_price, modified_at) values (88, 20, 'one size', 100000, 50000, '2022-05-05 16:01:07');
insert into item_size_price (id, item_id, size, lowest_selling_price, highest_purchase_price, modified_at) values (89, 15, 'one size', 80000, 40000, '2022-07-16 20:21:00');
insert into item_size_price (id, item_id, size, lowest_selling_price, highest_purchase_price, modified_at) values (90, 15, 'one size', 90000, 20000, '2023-03-20 00:03:59');
insert into item_size_price (id, item_id, size, lowest_selling_price, highest_purchase_price, modified_at) values (91, 4, 260, 90000, 40000, '2022-11-10 23:00:25');
insert into item_size_price (id, item_id, size, lowest_selling_price, highest_purchase_price, modified_at) values (92, 16, 'one size', 70000, 30000, '2023-03-15 17:16:47');
insert into item_size_price (id, item_id, size, lowest_selling_price, highest_purchase_price, modified_at) values (93, 24, 'one size', 60000, 10000, '2022-08-19 22:14:56');
insert into item_size_price (id, item_id, size, lowest_selling_price, highest_purchase_price, modified_at) values (94, 17, 'one size', 50000, 40000, '2022-08-31 13:40:31');
insert into item_size_price (id, item_id, size, lowest_selling_price, highest_purchase_price, modified_at) values (95, 19, 'one size', 90000, 40000, '2023-02-02 11:06:59');
insert into item_size_price (id, item_id, size, lowest_selling_price, highest_purchase_price, modified_at) values (96, 8, 260, 90000, 50000, '2022-05-29 05:40:12');
insert into item_size_price (id, item_id, size, lowest_selling_price, highest_purchase_price, modified_at) values (97, 26, 'one size', 100000, 10000, '2022-06-04 08:19:24');
insert into item_size_price (id, item_id, size, lowest_selling_price, highest_purchase_price, modified_at) values (98, 11, 'one size', 60000, 10000, '2022-11-25 10:31:11');
insert into item_size_price (id, item_id, size, lowest_selling_price, highest_purchase_price, modified_at) values (99, 5, 260, 50000, 40000, '2023-02-03 10:31:39');
insert into item_size_price (id, item_id, size, lowest_selling_price, highest_purchase_price, modified_at) values (100, 9, 'one size', 50000, 30000, '2023-01-29 19:15:40');