insert into users (id, email, password, fourteen_agreement, gender, ad_agreement, personal_authentication, phone_number,
                   profile_name, name, rank, profile_img_name, profile_img_url, profile_img_origin_name, created_at,
                   modified_at)
values (1, 'wbrighouse0@etsy.com', '60470c3a8b39e0b4405a9d97b722f32bf6d2c3dae2c82205dc457a33b88a016c', true, 'Bigender',
        true, true, '257-345-3411', 'wbrighouse0', 'Winne Brighouse', 'GOLD', 'profile_img_namewbrighouse0',
        'http://dummyimage.com/243x100.png/5fa2dd/ffffff', 'profile_img_origin_namewbrighouse0', '2023-02-08 00:56:02',
        '2023-03-20 00:16:13');
insert into users (id, email, password, fourteen_agreement, gender, ad_agreement, personal_authentication, phone_number,
                   profile_name, name, rank, profile_img_name, profile_img_url, profile_img_origin_name, created_at,
                   modified_at)
values (2, 'snoulton1@ted.com', 'd725e032db3e912ce0955a2c451445c22b35921597c82d94cbf0be983a57c5b1', true, 'Female',
        true, true, '544-280-0110', 'snoulton1', 'Sarette Noulton', 'SILVER', 'profile_img_namesnoulton1',
        'http://dummyimage.com/112x100.png/cc0000/ffffff', 'profile_img_origin_namesnoulton1', '2022-11-02 07:12:54',
        '2022-05-25 23:10:44');
insert into users (id, email, password, fourteen_agreement, gender, ad_agreement, personal_authentication, phone_number,
                   profile_name, name, rank, profile_img_name, profile_img_url, profile_img_origin_name, created_at,
                   modified_at)
values (3, 'skarpfen2@google.co.jp', '5cbb9bff2882b0246427aa60812332f1fe68e84a1bb3cec4354867c50d134221', true, 'Male',
        true, true, '794-382-1142', 'skarpfen2', 'Steffen Karpfen', 'SILVER', 'profile_img_nameskarpfen2',
        'http://dummyimage.com/236x100.png/ff4444/ffffff', 'profile_img_origin_nameskarpfen2', '2023-03-02 02:57:01',
        '2022-05-26 05:29:08');
insert into users (id, email, password, fourteen_agreement, gender, ad_agreement, personal_authentication, phone_number,
                   profile_name, name, rank, profile_img_name, profile_img_url, profile_img_origin_name, created_at,
                   modified_at)
values (4, 'troly3@free.fr', '4ec3c050bed7e2930e1d3a2839f505cc9db91d3e0cd8e7222a3764d2f672d5a7', true, 'Agender', true,
        true, '601-833-2470', 'troly3', 'Timofei Roly', 'BRONZE', 'profile_img_nametroly3',
        'http://dummyimage.com/243x100.png/ff4444/ffffff', 'profile_img_origin_nametroly3', '2022-09-24 09:33:51',
        '2023-01-08 13:02:21');
insert into users (id, email, password, fourteen_agreement, gender, ad_agreement, personal_authentication, phone_number,
                   profile_name, name, rank, profile_img_name, profile_img_url, profile_img_origin_name, created_at,
                   modified_at)
values (5, 'dvallantine4@geocities.jp', 'ce2760db84481f03685da38bbd9ea796ed8b6fe5733e9523bef00b324420d1bd', true,
        'Female', true, true, '899-487-9953', 'dvallantine4', 'Deloria Vallantine', 'BRONZE',
        'profile_img_namedvallantine4', 'http://dummyimage.com/237x100.png/ff4444/ffffff',
        'profile_img_origin_namedvallantine4', '2022-11-24 23:55:19', '2022-04-07 09:10:12');
insert into users (id, email, password, fourteen_agreement, gender, ad_agreement, personal_authentication, phone_number,
                   profile_name, name, rank, profile_img_name, profile_img_url, profile_img_origin_name, created_at,
                   modified_at)
values (6, 'dsodor5@squarespace.com', '1cc89e5b59014e43689e803bf9639bdac93071e17e32878c621d290c77ff8e4c', true, 'Male',
        true, true, '541-687-4298', 'dsodor5', 'Des Sodor', 'GOLD', 'profile_img_namedsodor5',
        'http://dummyimage.com/208x100.png/dddddd/000000', 'profile_img_origin_namedsodor5', '2022-11-23 12:35:53',
        '2022-05-20 07:13:47');
insert into users (id, email, password, fourteen_agreement, gender, ad_agreement, personal_authentication, phone_number,
                   profile_name, name, rank, profile_img_name, profile_img_url, profile_img_origin_name, created_at,
                   modified_at)
values (7, 'arobley6@icq.com', 'ee77166615f143b89d53ec3f927df453a6ae83be22ee4741ac802e6dfcbe9bad', true, 'Female', true,
        true, '312-825-0034', 'arobley6', 'Annabella Robley', 'GOLD', 'profile_img_namearobley6',
        'http://dummyimage.com/250x100.png/ff4444/ffffff', 'profile_img_origin_namearobley6', '2022-09-05 23:05:26',
        '2022-05-03 00:17:04');
insert into users (id, email, password, fourteen_agreement, gender, ad_agreement, personal_authentication, phone_number,
                   profile_name, name, rank, profile_img_name, profile_img_url, profile_img_origin_name, created_at,
                   modified_at)
values (8, 'cburkitt7@opensource.org', '40ac2a497671f0d4f00c06119c008b91ffebb733102266f9a904a447c6c90a51', true,
        'Female', true, true, '488-929-7280', 'cburkitt7', 'Claude Burkitt', 'SILVER', 'profile_img_namecburkitt7',
        'http://dummyimage.com/169x100.png/cc0000/ffffff', 'profile_img_origin_namecburkitt7', '2022-11-10 06:17:14',
        '2023-02-17 23:31:47');
insert into users (id, email, password, fourteen_agreement, gender, ad_agreement, personal_authentication, phone_number,
                   profile_name, name, rank, profile_img_name, profile_img_url, profile_img_origin_name, created_at,
                   modified_at)
values (9, 'pgoreway8@clickbank.net', 'c1a4f4138f34bac248761beb79fcc7b243599db49602167eb28bb6b0bc291cbc', true, 'Male',
        true, true, '239-132-2770', 'pgoreway8', 'Pryce Goreway', 'BRONZE', 'profile_img_namepgoreway8',
        'http://dummyimage.com/178x100.png/ff4444/ffffff', 'profile_img_origin_namepgoreway8', '2022-05-25 04:59:28',
        '2022-05-26 10:52:23');
insert into users (id, email, password, fourteen_agreement, gender, ad_agreement, personal_authentication, phone_number,
                   profile_name, name, rank, profile_img_name, profile_img_url, profile_img_origin_name, created_at,
                   modified_at)
values (10, 'dmussilli9@freewebs.com', 'e58da81dfe48f211aa96d136aa5b67880a26e820c365f9f8950ceb01873dd07c', true,
        'Female', true, true, '513-721-5179', 'dmussilli9', 'Dionne Mussilli', 'BRONZE', 'profile_img_namedmussilli9',
        'http://dummyimage.com/194x100.png/cc0000/ffffff', 'profile_img_origin_namedmussilli9', '2022-11-27 18:04:34',
        '2022-08-02 00:59:21');
insert into users (id, email, password, fourteen_agreement, gender, ad_agreement, personal_authentication, phone_number,
                   profile_name, name, rank, profile_img_name, profile_img_url, profile_img_origin_name, created_at,
                   modified_at)
values (11, 'epleveya@pinterest.com', 'aeaf98a16edd3f64123d54890d829549079520c0cfc331d0b3f008c33053aa90', true, 'Male',
        true, true, '134-844-3520', 'epleveya', 'Eduino Plevey', 'BRONZE', 'profile_img_nameepleveya',
        'http://dummyimage.com/128x100.png/cc0000/ffffff', 'profile_img_origin_nameepleveya', '2022-07-27 01:57:42',
        '2023-03-03 09:51:25');
insert into users (id, email, password, fourteen_agreement, gender, ad_agreement, personal_authentication, phone_number,
                   profile_name, name, rank, profile_img_name, profile_img_url, profile_img_origin_name, created_at,
                   modified_at)
values (12, 'ibukacb@newyorker.com', 'f5f173b672ba7d8e3d922f02653aa06e10f040e3d462fce1ec89d5306732ce75', true, 'Male',
        true, true, '902-233-7617', 'ibukacb', 'Iorgo Bukac', 'GOLD', 'profile_img_nameibukacb',
        'http://dummyimage.com/141x100.png/ff4444/ffffff', 'profile_img_origin_nameibukacb', '2022-04-28 23:13:50',
        '2022-06-11 05:59:34');
insert into users (id, email, password, fourteen_agreement, gender, ad_agreement, personal_authentication, phone_number,
                   profile_name, name, rank, profile_img_name, profile_img_url, profile_img_origin_name, created_at,
                   modified_at)
values (13, 'wvanc@state.gov', '03d32bf639cd188b808b94af42a65a63deb73bb8abb4411815471f54936c46ff', true, 'Male', true,
        true, '616-627-3801', 'wvanc', 'Wang Van der Brugge', 'BRONZE', 'profile_img_namewvanc',
        'http://dummyimage.com/171x100.png/dddddd/000000', 'profile_img_origin_namewvanc', '2022-08-02 14:32:55',
        '2022-12-20 09:28:08');
insert into users (id, email, password, fourteen_agreement, gender, ad_agreement, personal_authentication, phone_number,
                   profile_name, name, rank, profile_img_name, profile_img_url, profile_img_origin_name, created_at,
                   modified_at)
values (14, 'hwicklind@ezinearticles.com', '47350ff482dac0dee927dc658c2b822908e7bb73e05ff50bd8cca7da424e56cf', true,
        'Male', true, true, '830-327-7289', 'hwicklind', 'Haleigh Wicklin', 'SILVER', 'profile_img_namehwicklind',
        'http://dummyimage.com/248x100.png/dddddd/000000', 'profile_img_origin_namehwicklind', '2022-06-30 04:05:29',
        '2022-11-27 19:13:39');
insert into users (id, email, password, fourteen_agreement, gender, ad_agreement, personal_authentication, phone_number,
                   profile_name, name, rank, profile_img_name, profile_img_url, profile_img_origin_name, created_at,
                   modified_at)
values (15, 'zducastele@unesco.org', '9304dae058403014c6c41038c1e2713422b1eb9b0ffd6cdd84425913c4495358', true, 'Male',
        true, true, '761-677-7094', 'zducastele', 'Zebedee Ducastel', 'GOLD', 'profile_img_namezducastele',
        'http://dummyimage.com/135x100.png/dddddd/000000', 'profile_img_origin_namezducastele', '2022-07-02 00:54:08',
        '2023-02-21 00:01:12');
insert into users (id, email, password, fourteen_agreement, gender, ad_agreement, personal_authentication, phone_number,
                   profile_name, name, rank, profile_img_name, profile_img_url, profile_img_origin_name, created_at,
                   modified_at)
values (16, 'dbiggarf@instagram.com', 'b00e5b40f3a4ff3c3109a764b22d37a17c25cc340bdc417747e89826d3bb1399', true,
        'Female', true, true, '943-584-4737', 'dbiggarf', 'Devin Biggar', 'BRONZE', 'profile_img_namedbiggarf',
        'http://dummyimage.com/151x100.png/5fa2dd/ffffff', 'profile_img_origin_namedbiggarf', '2023-01-25 04:13:49',
        '2022-08-03 12:27:52');
insert into users (id, email, password, fourteen_agreement, gender, ad_agreement, personal_authentication, phone_number,
                   profile_name, name, rank, profile_img_name, profile_img_url, profile_img_origin_name, created_at,
                   modified_at)
values (17, 'alillog@wiley.com', '7b1f28e7346e56506f0c6c65252dd0291854eaa5c912da76f7da055f7876c4c9', true, 'Male', true,
        true, '720-410-7416', 'alillog', 'Aldon Lillo', 'GOLD', 'profile_img_namealillog',
        'http://dummyimage.com/101x100.png/5fa2dd/ffffff', 'profile_img_origin_namealillog', '2022-04-17 23:41:45',
        '2022-10-21 12:49:18');
insert into users (id, email, password, fourteen_agreement, gender, ad_agreement, personal_authentication, phone_number,
                   profile_name, name, rank, profile_img_name, profile_img_url, profile_img_origin_name, created_at,
                   modified_at)
values (18, 'jettyh@desdev.cn', '679fbaf00fe4ee343a770ccf90a396680b944750167377c54a5ed89ee9dc4c01', true, 'Male', true,
        true, '166-211-9007', 'jettyh', 'Jude Etty', 'BRONZE', 'profile_img_namejettyh',
        'http://dummyimage.com/213x100.png/5fa2dd/ffffff', 'profile_img_origin_namejettyh', '2022-08-05 18:11:16',
        '2022-08-26 10:01:09');
insert into users (id, email, password, fourteen_agreement, gender, ad_agreement, personal_authentication, phone_number,
                   profile_name, name, rank, profile_img_name, profile_img_url, profile_img_origin_name, created_at,
                   modified_at)
values (19, 'gvickorsi@zimbio.com', 'b39bdee5f1d136f1d881f380a8f76aab1fdc537185c912713abde1dab0326c0b', true, 'Male',
        true, true, '820-244-2631', 'gvickorsi', 'Gare Vickors', 'GOLD', 'profile_img_namegvickorsi',
        'http://dummyimage.com/203x100.png/5fa2dd/ffffff', 'profile_img_origin_namegvickorsi', '2022-11-03 14:33:47',
        '2022-08-17 21:56:43');
insert into users (id, email, password, fourteen_agreement, gender, ad_agreement, personal_authentication, phone_number,
                   profile_name, name, rank, profile_img_name, profile_img_url, profile_img_origin_name, created_at,
                   modified_at)
values (20, 'tsandellsj@vinaora.com', 'df28b5c4be94d357a537d71b217a825e512109bbf2a5a5636f17f0c446ad693c', true,
        'Female', true, true, '348-876-2425', 'tsandellsj', 'Tootsie Sandells', 'GOLD', 'profile_img_nametsandellsj',
        'http://dummyimage.com/120x100.png/5fa2dd/ffffff', 'profile_img_origin_nametsandellsj', '2022-04-28 13:09:56',
        '2022-12-04 15:01:09');


insert into manager (id, employee_number, password, name, phone_number, agreement, created_at, modified_at)
values (1, '01GWHVBTAZAFYYHR2QH8J7TM8V', '235fcee36f749172a108867d7d75dcd634e8069ffbaf9d0d54d04e6c019f0e00',
        'Helli Dowling', '707-376-7402', true, '2022-04-04 13:54:31', '2023-03-23 09:35:45');
insert into manager (id, employee_number, password, name, phone_number, agreement, created_at, modified_at)
values (2, '01GWHVBTBCF9J833P191RTEYQ6', 'cd29312233e0a3232fe054ada7efc42f87871e34623355163b5b8d73c2412140',
        'Ree Bamlett', '287-755-6396', true, '2022-08-26 18:08:01', '2023-03-11 14:31:35');
insert into manager (id, employee_number, password, name, phone_number, agreement, created_at, modified_at)
values (3, '01GWHVBTBGPD89D37RPTBJCGY6', 'eb4b41db181421190c49cf2df0b0ddf66834131409dabc626b166b59d6161b99',
        'Karly Fern', '957-676-3643', true, '2023-02-04 12:39:08', '2022-08-05 21:25:48');
insert into manager (id, employee_number, password, name, phone_number, agreement, created_at, modified_at)
values (4, '01GWHVBTBM8PWJQWCAA4JAME27', '3de756a1de33db2804156f63e4b7dbbafa0bc80600d7c3f4eedf9987115aaa35',
        'Evita Dew', '162-549-0382', true, '2022-05-30 22:45:27', '2022-10-26 07:36:07');
insert into manager (id, employee_number, password, name, phone_number, agreement, created_at, modified_at)
values (5, '01GWHVBTBS527SZ85MWJ4M38AF', '222975db56e281e69b00bc17afe4e55d6e9eac0736c71567602d713555db4367',
        'Orin Petts', '515-348-2533', true, '2022-11-04 02:06:29', '2022-08-30 07:55:00');
insert into manager (id, employee_number, password, name, phone_number, agreement, created_at, modified_at)
values (6, '01GWHVBTBYZE1PK2QWEK11KBCG', '645a4a4dd50f6c5c272ce29e8f36a4b524465be58f2a87d65de032a9862b9131',
        'Raquela Kierans', '256-609-4190', true, '2022-04-30 12:31:43', '2022-05-26 03:11:16');
insert into manager (id, employee_number, password, name, phone_number, agreement, created_at, modified_at)
values (7, '01GWHVBTC419Y0JTZWPR2YRK42', '6689a78db5bcff22ed5ce1e4136b0face621038d7262ba70ed4df5c134db9223',
        'Alwyn Cristofano', '480-786-1996', true, '2023-01-31 09:59:29', '2022-06-01 10:16:45');
insert into manager (id, employee_number, password, name, phone_number, agreement, created_at, modified_at)
values (8, '01GWHVBTC9TPYZTN2F0S29GJ5R', 'cf4307806375996217e1fae8cb3e821c201b4e99e2ad3a766ca86c145b4ccb56',
        'Amble Scarrott', '902-184-5141', true, '2022-12-20 12:46:17', '2022-05-13 15:16:03');
insert into manager (id, employee_number, password, name, phone_number, agreement, created_at, modified_at)
values (9, '01GWHVBTCD93ATGXAC4VFB5AF0', '389c06561abab3ba50d20c1f41b9cc2b802874d0af18e3b8e15c414f77251f5e',
        'Tadio Mew', '783-910-7898', true, '2022-12-20 22:13:20', '2022-12-31 19:36:20');
insert into manager (id, employee_number, password, name, phone_number, agreement, created_at, modified_at)
values (10, '01GWHVBTCJ6Q6CVFJGXMHY1C8V', '43b07a93d2b88391409235a1f2996b967d3681feb3f5c98a411f4a113d540ac8',
        'Eb Giannotti', '714-504-5205', true, '2022-06-08 06:33:34', '2022-10-05 15:06:59');
insert into manager (id, employee_number, password, name, phone_number, agreement, created_at, modified_at)
values (11, '01GWHVBTCPBPHVHJMVMK56A67Y', '52b38f4ee9bf215a75a9afeb8dc42831821eed27fafe46942cc3a8073c15f54c',
        'Doralynne Konke', '674-643-3991', true, '2022-08-25 21:42:47', '2022-04-16 23:26:40');
insert into manager (id, employee_number, password, name, phone_number, agreement, created_at, modified_at)
values (12, '01GWHVBTCVRQRGXKJY25YQ791N', '98e4a049e20aab65891cd098fae11217402fd449231fb4f714fe4923fead5e10',
        'Jaime Robbings', '692-499-1634', true, '2022-09-16 05:29:41', '2022-05-25 12:45:05');
insert into manager (id, employee_number, password, name, phone_number, agreement, created_at, modified_at)
values (13, '01GWHVBTCZV9SAHB7Q28T6Q4ZE', 'b89a0133c6f359179d3218dbe033b2082a55059cb2216d3d8c62fe1c01d70dc9',
        'Nap Loiterton', '633-982-0664', true, '2022-10-31 04:06:25', '2022-10-02 00:41:20');
insert into manager (id, employee_number, password, name, phone_number, agreement, created_at, modified_at)
values (14, '01GWHVBTD3Y8NVH4NJVR1Z8GJF', 'b8b48e8f4328ebbdd66b5489539b8b19bff9e9791697d971ff788a2776baa728',
        'Chick Gimblett', '267-733-3606', true, '2022-09-16 00:10:00', '2023-02-26 04:45:25');
insert into manager (id, employee_number, password, name, phone_number, agreement, created_at, modified_at)
values (15, '01GWHVBTD76Y5EE941226RJJTJ', '033addfd5b2218092bac5aaf6fc22953c1030621393049ce8b2e8afb82deebf8',
        'Rich Dumphry', '622-136-2883', true, '2022-10-31 20:46:07', '2022-07-25 05:49:52');
insert into manager (id, employee_number, password, name, phone_number, agreement, created_at, modified_at)
values (16, '01GWHVBTDAETWZJJMFQNZHJTX9', '02c941db7d59d7e8570745d9615229d38f9c77a6104e3ce780dab9545a677c5d',
        'Mycah Spreull', '227-104-1908', true, '2022-05-09 05:58:52', '2022-05-12 02:20:31');
insert into manager (id, employee_number, password, name, phone_number, agreement, created_at, modified_at)
values (17, '01GWHVBTDF81K2VR0GEE5VEYKK', 'eefe681c5e0043abc3207c537bfa8eccfe642944b22e6935a8e7916f9d1b7ed2',
        'Winston Ungaretti', '250-135-1238', true, '2022-08-13 23:23:36', '2022-11-10 22:41:04');
insert into manager (id, employee_number, password, name, phone_number, agreement, created_at, modified_at)
values (18, '01GWHVBTDMQY6A8217N8EATR8A', '92fa41e8a80d73bdfd88eb5e22c7aa31949d16422651eff22f9d7fbfec1c5c5b',
        'Leonardo Videneev', '926-725-4645', true, '2022-07-30 04:32:52', '2022-06-03 22:44:22');
insert into manager (id, employee_number, password, name, phone_number, agreement, created_at, modified_at)
values (19, '01GWHVBTDR46QNTAN1HQD4JV6Z', '33997b7f4e607fa2d7d0504282319b60bc34ed9d965dc4b28d8f4719bd19ed05',
        'Lynnette Broadist', '318-518-5098', true, '2023-03-11 10:36:25', '2022-10-24 17:22:00');
insert into manager (id, employee_number, password, name, phone_number, agreement, created_at, modified_at)
values (20, '01GWHVBTDWPP75KBJKVD85X3T7', 'cc46ff40a4244f6819eff61fe3faae6f9100d7ad69c771ea66bc7609fd88bf32',
        'Gifford Manger', '243-194-7348', true, '2023-01-25 10:08:13', '2023-03-11 20:15:17');


insert into address (id, user_id, name, phone_number, zipcode, detail1, detail2, created_at)
values (1, 1, 'Skelhorn', '223-225-2640', '13', 'Annamark', 'Junction', '2023-03-18 16:13:48');
insert into address (id, user_id, name, phone_number, zipcode, detail1, detail2, created_at)
values (2, 2, 'Lanchberry', '471-903-1400', '4914', 'Vernon', 'Point', '2022-07-14 13:59:39');
insert into address (id, user_id, name, phone_number, zipcode, detail1, detail2, created_at)
values (3, 3, 'Pawelczyk', '843-942-6370', '8462', 'Dwight', 'Alley', '2022-10-10 19:09:18');
insert into address (id, user_id, name, phone_number, zipcode, detail1, detail2, created_at)
values (4, 4, 'Tyas', '561-579-9568', '81', 'Commercial', 'Trail', '2022-08-28 10:30:06');
insert into address (id, user_id, name, phone_number, zipcode, detail1, detail2, created_at)
values (5, 5, 'Dearsley', '659-835-9508', '356', 'Golden Leaf', 'Pass', '2022-05-03 14:43:39');
insert into address (id, user_id, name, phone_number, zipcode, detail1, detail2, created_at)
values (6, 6, 'Plunket', '983-486-8374', '85', 'Sherman', 'Street', '2023-01-03 06:36:42');
insert into address (id, user_id, name, phone_number, zipcode, detail1, detail2, created_at)
values (7, 7, 'Chill', '261-269-4704', '2452', 'Erie', 'Alley', '2022-09-10 02:21:09');
insert into address (id, user_id, name, phone_number, zipcode, detail1, detail2, created_at)
values (8, 8, 'Staner', '967-739-0757', '06646', 'Almo', 'Plaza', '2022-05-11 04:12:04');
insert into address (id, user_id, name, phone_number, zipcode, detail1, detail2, created_at)
values (9, 9, 'Hubeaux', '568-355-7143', '53676', 'Canary', 'Trail', '2023-01-17 16:14:22');
insert into address (id, user_id, name, phone_number, zipcode, detail1, detail2, created_at)
values (10, 10, 'Denisot', '752-931-3884', '46', 'Charing Cross', 'Court', '2022-04-17 21:19:15');
insert into address (id, user_id, name, phone_number, zipcode, detail1, detail2, created_at)
values (11, 11, 'Scrinage', '559-465-4269', '592', 'Hayes', 'Avenue', '2022-08-22 16:48:58');
insert into address (id, user_id, name, phone_number, zipcode, detail1, detail2, created_at)
values (12, 12, 'Tideswell', '456-855-8059', '7674', 'Norway Maple', 'Lane', '2022-12-21 20:28:19');
insert into address (id, user_id, name, phone_number, zipcode, detail1, detail2, created_at)
values (13, 13, 'Gladdis', '778-693-2447', '228', 'Esch', 'Crossing', '2022-05-21 20:28:47');
insert into address (id, user_id, name, phone_number, zipcode, detail1, detail2, created_at)
values (14, 14, 'Goldingay', '532-838-4367', '6357', 'Hanover', 'Alley', '2023-01-03 15:00:13');
insert into address (id, user_id, name, phone_number, zipcode, detail1, detail2, created_at)
values (15, 15, 'Kiddle', '771-359-0295', '7410', 'Weeping Birch', 'Pass', '2023-01-12 13:50:57');
insert into address (id, user_id, name, phone_number, zipcode, detail1, detail2, created_at)
values (16, 16, 'Kauscher', '435-593-4915', '532', 'Reindahl', 'Alley', '2022-09-06 11:00:47');
insert into address (id, user_id, name, phone_number, zipcode, detail1, detail2, created_at)
values (17, 17, 'Boggon', '783-215-8154', '65', 'American', 'Way', '2022-05-14 14:03:29');
insert into address (id, user_id, name, phone_number, zipcode, detail1, detail2, created_at)
values (18, 18, 'Churn', '198-442-5821', '46904', 'Hooker', 'Court', '2022-10-16 02:00:29');
insert into address (id, user_id, name, phone_number, zipcode, detail1, detail2, created_at)
values (19, 19, 'Berrill', '795-939-5582', '06', 'Katie', 'Junction', '2022-11-26 13:04:27');
insert into address (id, user_id, name, phone_number, zipcode, detail1, detail2, created_at)
values (20, 20, 'Breton', '525-716-3029', '3150', 'Glacier Hill', 'Alley', '2022-04-04 00:29:08');


insert into payment_card (id, user_id, card_company, card_number, expiration, card_pw, created_at)
values (1, 1, 'Morar-Gottlieb', '0604460137338071', '2024-07-11 22:28:15', '606yNzM', '2022-12-18 02:18:06');
insert into payment_card (id, user_id, card_company, card_number, expiration, card_pw, created_at)
values (2, 2, 'Stamm, O''Keefe and Beahan', '5602243928740981', '2025-03-01 17:03:27', '1Li1DtCNaYrk',
        '2022-10-31 17:13:04');
insert into payment_card (id, user_id, card_company, card_number, expiration, card_pw, created_at)
values (3, 3, 'Vandervort-Frami', '5100133641380479', '2024-04-03 01:58:35', 'F1Aky3hS8m1', '2022-08-29 08:13:30');
insert into payment_card (id, user_id, card_company, card_number, expiration, card_pw, created_at)
values (4, 4, 'Stoltenberg LLC', '4041379739303', '2024-11-27 22:02:55', 'jXaxsUaSe', '2022-12-28 06:13:26');
insert into payment_card (id, user_id, card_company, card_number, expiration, card_pw, created_at)
values (5, 5, 'Kris, Murray and Roberts', '4175000993618371', '2024-07-02 23:58:20', 'O2NjL7', '2023-03-12 12:31:42');
insert into payment_card (id, user_id, card_company, card_number, expiration, card_pw, created_at)
values (6, 6, 'Hoppe-Kirlin', '3531861721230230', '2024-07-08 06:58:06', 'VBwLnoV', '2022-05-03 05:58:25');
insert into payment_card (id, user_id, card_company, card_number, expiration, card_pw, created_at)
values (7, 7, 'Douglas Group', '5602236046612139516', '2024-10-27 12:30:55', 'aAB0q7dO', '2022-10-16 12:04:59');
insert into payment_card (id, user_id, card_company, card_number, expiration, card_pw, created_at)
values (8, 8, 'Koch, Littel and Gutmann', '4017954657564564', '2025-02-08 17:18:44', 'GcgDuNp9pb',
        '2022-10-22 19:26:38');
insert into payment_card (id, user_id, card_company, card_number, expiration, card_pw, created_at)
values (9, 9, 'Doyle, Cartwright and Renner', '3542742465147946', '2024-06-30 05:55:20', '167ektg',
        '2022-09-25 13:56:35');
insert into payment_card (id, user_id, card_company, card_number, expiration, card_pw, created_at)
values (10, 10, 'Abbott-Kub', '5602244323854328', '2025-01-05 20:38:50', '9l3NKT1', '2022-08-22 23:58:41');
insert into payment_card (id, user_id, card_company, card_number, expiration, card_pw, created_at)
values (11, 11, 'Marks Inc', '3567942869010845', '2024-05-03 06:52:54', 'uVKsjr', '2022-12-11 23:19:27');
insert into payment_card (id, user_id, card_company, card_number, expiration, card_pw, created_at)
values (12, 12, 'Nienow-Thompson', '56022209535134566', '2025-03-03 05:39:18', 'auHIRo', '2022-05-17 12:45:15');
insert into payment_card (id, user_id, card_company, card_number, expiration, card_pw, created_at)
values (13, 13, 'Bradtke-Deckow', '3583415897294749', '2024-11-05 17:46:12', 'l3IOwlllQ', '2022-04-03 06:33:13');
insert into payment_card (id, user_id, card_company, card_number, expiration, card_pw, created_at)
values (14, 14, 'Smitham-Stiedemann', '3558819235508267', '2024-04-29 19:12:26', '9io6NkS', '2022-08-26 05:21:50');
insert into payment_card (id, user_id, card_company, card_number, expiration, card_pw, created_at)
values (15, 15, 'Pfeffer-Herzog', '3555360180455199', '2024-07-07 06:57:40', '1cJaVmZk3N24', '2022-11-24 22:45:21');
insert into payment_card (id, user_id, card_company, card_number, expiration, card_pw, created_at)
values (16, 16, 'Luettgen LLC', '3544564427867678', '2024-03-29 22:31:15', 'K839cZp', '2022-08-14 12:27:07');
insert into payment_card (id, user_id, card_company, card_number, expiration, card_pw, created_at)
values (17, 17, 'Jakubowski LLC', '201606525512225', '2025-02-13 18:56:46', 'PBQD7F0TQl', '2022-06-10 10:45:36');
insert into payment_card (id, user_id, card_company, card_number, expiration, card_pw, created_at)
values (18, 18, 'Ferry-Larkin', '56022271497806342', '2024-07-20 21:03:45', 'n0pVoHyn', '2023-03-15 04:57:20');
insert into payment_card (id, user_id, card_company, card_number, expiration, card_pw, created_at)
values (19, 19, 'Bechtelar-Wisozk', '3574070664562959', '2024-04-20 03:37:06', 'lgzIED230fX', '2022-05-29 23:47:57');
insert into payment_card (id, user_id, card_company, card_number, expiration, card_pw, created_at)
values (20, 20, 'Kunde, Boyle and Treutel', '201712715251184', '2024-08-30 02:00:55', 'VyCiNMK', '2022-07-20 00:25:03');


insert into sales_account (id, user_id, bank_name, account_number, account_holder, created_at)
values (1, 1, 'KB', 'tz1VQNiikCxKZEpYTGz1bCSYhnqDbW8X4Py2', 'Fivey', '2023-01-02 06:44:21');
insert into sales_account (id, user_id, bank_name, account_number, account_holder, created_at)
values (2, 2, '신한', 'tz1h5Ahji9ZrBFDBeRy6T1BYQTwHQFFuJ9wq', 'Mugg', '2022-04-23 10:47:18');
insert into sales_account (id, user_id, bank_name, account_number, account_holder, created_at)
values (3, 3, 'KB', 'tz1PTAeqso648nbPjXAPCuWjWSFRBbWiXddY', 'Lideard', '2022-08-31 18:39:56');
insert into sales_account (id, user_id, bank_name, account_number, account_holder, created_at)
values (4, 4, '신한', 'tz1iSYQrwTiK3DbpBQXkUppiPZRKGVQ9uZC6', 'Kobisch', '2023-02-21 19:07:46');
insert into sales_account (id, user_id, bank_name, account_number, account_holder, created_at)
values (5, 5, '신한', 'tz1fKYxLukeLmtSwoRNLRs1wto361HdqzXbV', 'Hulson', '2023-01-10 01:41:57');
insert into sales_account (id, user_id, bank_name, account_number, account_holder, created_at)
values (6, 6, '신한', 'tz1dXDKWXwCMU9uJUWpaCe7V5h66RDxiu8GM', 'Sansum', '2023-03-15 18:25:11');
insert into sales_account (id, user_id, bank_name, account_number, account_holder, created_at)
values (7, 7, '농협', 'tz1QB1mxVs7YC785Ja8gdTE2btT8uL9YNkxH', 'Jencken', '2022-05-04 17:00:04');
insert into sales_account (id, user_id, bank_name, account_number, account_holder, created_at)
values (8, 8, 'KB', 'tz1P534Zc4YDgxqYQtcimHShPnoVJ7VJLEd3', 'Boldt', '2022-09-11 08:55:29');
insert into sales_account (id, user_id, bank_name, account_number, account_holder, created_at)
values (9, 9, '농협', 'tz1RvRPWbDV9EJXpKNGMkLJHEjijTKXa5sfJ', 'Doey', '2022-11-27 07:03:15');
insert into sales_account (id, user_id, bank_name, account_number, account_holder, created_at)
values (10, 10, '농협', 'tz1RRDn24CZXV8kBr6AoZ3ELvnYysKumMV56', 'Whewell', '2022-07-10 09:26:27');
insert into sales_account (id, user_id, bank_name, account_number, account_holder, created_at)
values (11, 11, 'KB', 'tz1evVAd4GhtmAcsvz5e85chFQyLDfPRvGVd', 'Woller', '2023-03-24 11:08:59');
insert into sales_account (id, user_id, bank_name, account_number, account_holder, created_at)
values (12, 12, '신한', 'tz1ZeVimM51M5BbUobwS92bnxUoqLaXZGFqT', 'Karlolczak', '2022-10-09 16:02:24');
insert into sales_account (id, user_id, bank_name, account_number, account_holder, created_at)
values (13, 13, 'KB', 'tz1bPxLGY4z9oHSMKRX8vnAvwhATvkZsNvmv', 'Ritchings', '2022-12-23 08:42:39');
insert into sales_account (id, user_id, bank_name, account_number, account_holder, created_at)
values (14, 14, '신한', 'tz1QNCZaZWNBr6xxfnyEN4TvEn1upHgtfCW9', 'Delicate', '2023-03-26 13:18:24');
insert into sales_account (id, user_id, bank_name, account_number, account_holder, created_at)
values (15, 15, '농협', 'tz1fmNgMeLMS21K7tzRPk6szQggRwVyCyqzc', 'Bedome', '2022-05-28 05:18:56');
insert into sales_account (id, user_id, bank_name, account_number, account_holder, created_at)
values (16, 16, '신한', 'tz1QAB5sDCyZvjjAvRtCnYn7Z2DB8TftwdSM', 'Sprowles', '2022-10-23 23:02:35');
insert into sales_account (id, user_id, bank_name, account_number, account_holder, created_at)
values (17, 17, '신한', 'tz1NJ1tjtUcHxaQ9naqFoUXj7eXNjkb87v6N', 'Margaritelli', '2022-05-04 03:13:15');
insert into sales_account (id, user_id, bank_name, account_number, account_holder, created_at)
values (18, 18, '농협', 'tz1gALZgWMJzpMTN4sG6FMYiN6cLsmXWZWE6', 'Klimke', '2022-11-17 07:23:44');
insert into sales_account (id, user_id, bank_name, account_number, account_holder, created_at)
values (19, 19, '신한', 'tz1fAoNBWrfQv1bL8nMYJthgoSXowNFnmUKz', 'Brabender', '2022-12-23 03:41:20');
insert into sales_account (id, user_id, bank_name, account_number, account_holder, created_at)
values (20, 20, '신한', 'tz1iN6XbSPeasVQ7yhW6n7bPZ6gGU5QDKq5Q', 'Murrigan', '2022-09-12 08:28:47');
